"site number","site location","cluster","site acronym","date","7Li","9Be","23Na","24Mg","27Al","39K","44Ca","51V","52Cr","55Mn","56Fe","59Co","60Ni","65Cu","66Zn","75As","82Se","88Sr","95Mo","107Ag","111Cd","121Sb","138Ba","202Hg","208Pb","238U"
"APA1A","Apache Lake, upper","srp","Apache, eppi, upper",2012-11-04,111.6,0.017,163700,13520,32.22,11550,50110,4.939,0.647,106.8,75.91,0.116,1.403,1.943,19.65,5.111,1.826,510.9,1.486,0.004,0.111,0.219,145.8,0.138,0.126,1.128
"APA1B","Apache Lake, upper","srp","Apache, hypo, upper",2012-11-04,111.1,0.012,160600,15710,27.67,11480,49980,4.75,0.555,92.67,43.61,0.098,1.229,0.859,8.214,5.126,1.828,505.8,1.449,0.006,0.034,0.196,123,0.112,0.12,1.113
"APA2A","Apache Lake, lower","srp","Apache, eppi, lower",2012-11-04,109.2,0.008,157000,8994,22.21,11610,50330,4.745,0.583,97.61,40.54,0.096,1.36,1.224,9.145,5.004,1.663,505.1,1.42,0.008,0.085,0.187,121.7,0.09,0.072,1.102
"APA2B","Apache Lake, lower","srp","Apache, hypo, lower",2012-11-04,109.3,0.002,156200,13160,11.89,11330,50280,4.817,0.466,136.8,42.64,0.095,1.29,0.847,6.307,4.892,2.237,506.4,1.427,0.009,0.023,0.171,102.2,0.081,0.044,1.109
"Can1A","Canyon Lake, upper","srp","Canyon, eppi, upper",2012-11-04,106.3,0.002,229000,16930,19.56,13820,53830,4.739,0.98,114.5,58.12,0.087,1.259,0.92,60.09,4.62,0.976,500.9,1.362,0.001,0.046,0.164,153.2,0.071,0.081,1.063
"Can1B","Canyon Lake, upper","srp","Canyon, hypo, upper",2012-11-04,106,0,221900,20260,13.66,14420,52130,4.652,0.578,109.8,46.14,0.086,1.179,0.809,11.68,4.56,1.708,501.4,1.354,-0.005,0.04,0.18,114.8,0.062,0.059,1.066
"Can2A","Canyon Lake, lower","srp","Canyon, eppi, lower",2012-11-04,106.1,0.003,201000,15040,12.56,13470,52070,4.646,0.503,136.2,33.19,0.08,1.157,0.761,9.788,4.5,1.73,500.7,1.4,0.003,0.021,0.16,122.8,0.058,0.059,1.067
"Can2B","Canyon Lake, lower","srp","Canyon, hypo, lower",2012-11-04,107.1,0.005,199400,16630,10.14,13460,51530,4.625,0.524,88.21,26.26,0.077,1.201,1.043,9.784,4.555,2.626,504.4,1.343,-0.002,0.195,0.163,119.3,0.049,0.062,1.065
"R10","Salt River below Saguaro (Blue Point Bridge)","salt","salt blw saguaro",2012-11-04,101.5,-0.008,147600,14230,2.727,10860,46460,4.221,0.473,0.471,4.284,0.067,1.005,1.137,10.35,4.512,1.579,508.8,1.503,-0.004,-0.004,0.762,132.1,0.043,0.051,1.166
"R25","verde river at beeline highway","verde","verde @ beeline",2012-11-04,29.54,-0.003,36090,29900,12.6,5358,39370,4.873,0.618,1.326,8.408,0.112,0.997,1.091,9.191,14.99,1.141,695.8,2.476,0,0.01,0.287,102.6,0.035,0.018,1.948
"R2A","Lake Pleasant integrated sample","cap","pleasant-epi",2012-11-04,35.72,-0.004,66890,22220,10.91,7107,62360,2.634,0.416,0.736,5.073,0.096,1.722,1.126,13.32,3.349,3.151,1009,3.849,-0.001,0.002,0.356,158.9,0.291,0.009,3.504
"R3","Waddell Canal","cap","waddell canal",2012-11-04,35.47,0.003,64320,22610,2.84,7380,63520,2.643,0.431,0.139,4.775,0.089,1.673,1.39,65.54,2.485,2.836,960.4,3.541,-0.003,0.003,0.359,206.9,0.041,0.01,3.285
"Roos1A","Roosevelt Lake, upper","srp","Roosevelt, eppi, upper",2012-11-04,147.2,0.398,151900,11990,46.29,11370,51330,7.123,0.871,12.64,74.7,0.466,1.617,1.677,39.9,5.391,5.848,609,3.288,0.375,0.445,0.716,208.7,1.34,0.481,1.715
"Roos1B","Roosevelt Lake, upper","srp","Roosevelt, hypo, upper",2012-11-04,148.2,0.106,150600,15720,99.27,11460,50610,7.35,0.792,27.63,151.3,0.27,1.695,2.442,13.88,4.975,3.048,612.2,1.901,0.047,0.564,0.372,118.1,0.492,0.37,1.468
"Roos2A","Roosevelt Lake, lower","srp","Roosevelt, eppi, lower",2012-11-04,134.5,0.052,153300,18770,33.55,10830,49560,6.602,0.635,51.17,42.22,0.166,1.307,1.585,12.81,4.734,2.457,580.4,1.635,0.013,0.101,0.284,156.4,0.271,0.129,1.36
"Roos2B","Roosevelt Lake, lower","srp","Roosevelt, hypo, lower",2012-11-04,133.1,0.02,153000,17200,34.69,10910,49190,6.553,0.678,33.3,39.42,0.13,1.319,1.061,51.26,4.635,2.472,579,1.569,0.013,0.038,0.275,159.6,0.181,0.077,1.324
"APA1A","Apache Lake, upper","srp","Apache, eppi, upper",2013-02-05,106.4,-0.011,185300,15620,21.85,9459,51030,3.118,0.827,11.81,35.62,0.093,1.389,2.124,45.81,4.347,-1.441,508.4,1.489,-0.023,0.094,0.268,236.2,0.13,0.139,1.106
"APA1B","Apache Lake, upper","srp","Apache, hypo, upper",2013-02-05,106.4,-0.013,183400,15780,20.25,9370,51160,3.244,0.782,12.79,36.93,0.088,1.318,1.261,13.37,4.333,-1.801,512,1.449,-0.023,0.038,0.224,133.9,0.121,0.176,1.109
"APA2A","Apache Lake, lower","srp","Apache, eppi, lower",2013-02-05,105.3,-0.018,184100,15740,21.11,9211,54700,3.237,0.496,12.18,36.73,0.086,1.278,1.156,11.32,4.226,-1.679,526.4,1.434,-0.024,0.047,0.208,139.3,0.119,0.065,1.132
"APA2B","Apache Lake, lower","srp","Apache, hypo, lower",2013-02-05,114.2,-0.017,195000,17300,25.98,9814,52970,3.646,0.693,11.87,37.98,0.089,1.515,1.283,15.87,4.653,-1.987,540.8,1.599,-0.022,0.033,0.212,195.3,0.103,0.078,1.216
"Can1A","Canyon Lake, upper","srp","Canyon, eppi, upper",2013-02-05,92.4,0.023,157900,13770,27.4,8478,45750,1.908,0.536,8.019,34.4,0.092,1.39,1.129,49.76,3.707,0.405,439,1.612,-0.002,0.036,0.903,236.4,0.334,0.156,0.987
"Can1B","Canyon Lake, upper","srp","Canyon, hypo, upper",2013-02-05,104.4,0.004,176000,15130,17.87,9105,53890,2.273,0.318,19.52,39.85,0.092,1.392,1.019,18.73,3.947,-0.276,512.3,1.539,-0.015,0.062,0.345,143.2,0.226,0.126,1.131
"Can2A","Canyon Lake, lower","srp","Canyon, eppi, lower",2013-02-05,91.48,-0.002,157500,13790,37.42,8327,48510,2.486,0.501,10.35,33.95,0.083,1.444,1.372,14.92,3.737,-0.631,452.3,1.333,-0.021,0.109,0.241,127.1,0.165,0.117,0.977
"Can2B","Canyon Lake, lower","srp","Canyon, hypo, lower",2013-02-05,106.3,-0.013,181600,16080,15.65,9298,52670,2.809,0.629,18.03,23.75,0.086,1.404,1.242,12.62,4.17,-1.289,514.2,1.517,-0.024,0.622,0.275,120.3,0.146,0.097,1.135
"R10","Salt River below Saguaro (Blue Point Bridge)","salt","salt blw saguaro",2013-02-05,94.19,-0.02,165200,15030,7.45,8716,49130,3.372,0.49,0.646,13.18,0.07,1.113,1.76,11.2,3.748,-1.282,501.1,1.595,-0.003,0.002,1.134,210.8,0.09,0.109,1.167
"R25","verde river at beeline highway","verde","verde @ beeline",2013-02-05,27.81,-0.021,44340,28630,9.672,4218,46190,4.27,0.882,0.818,14.6,0.12,1.565,1.808,9.111,12.51,0.303,694.1,2.6,-0.012,0.021,0.424,110.1,0.057,0.072,2.041
"R2A","Lake Pleasant integrated sample","cap","pleasant-epi",2013-02-05,34.01,-0.023,78830,25090,7.278,6572,64810,2.491,0.302,1.246,13.87,0.099,1.718,1.005,7.619,3.258,1.157,1006,4.041,-0.003,0.014,0.776,158.2,2.307,0.031,3.447
"R3","Waddell Canal","cap","waddell canal",2013-02-05,34.83,-0.016,79960,22620,5.576,6203,66460,2.193,0.645,0.362,12.84,0.107,1.779,1.028,35.71,2.199,1.09,950.4,3.629,0.001,0.01,0.631,276.1,0.058,0.028,3.199
"Roos1A","Roosevelt Lake, upper","srp","Roosevelt, eppi, upper",2013-02-05,109.3,-0.01,197200,16040,71.87,9965,46240,4.461,0.219,12.93,75.82,0.185,1.742,2.009,6.887,3.472,-1.999,484.4,1.331,-0.025,0.024,0.234,125.8,0.069,0.157,1.202
"Roos1B","Roosevelt Lake, upper","srp","Roosevelt, hypo, upper",2013-02-05,114.3,-0.008,207000,16460,130.5,10480,48020,4.763,0.549,13.35,104,0.21,1.473,2.414,46.33,3.509,-2.215,503.1,1.363,-0.023,0.056,0.256,296.6,0.059,0.353,1.242
"Roos2A","Roosevelt Lake, lower","srp","Roosevelt, eppi, lower",2013-02-05,86.83,-0.009,158200,13600,90.38,7954,42040,3.988,0.256,10.46,76.8,0.173,1.291,1.712,10.55,3.291,-1.47,419.4,1.135,-0.026,0.019,0.23,145.9,0.054,0.177,1.094
"Roos2B","Roosevelt Lake, lower","srp","Roosevelt, hypo, lower",2013-02-05,126,-0.015,222500,17530,55.76,10890,50370,5.043,0.589,20.1,62.34,0.155,1.396,1.392,13.74,3.629,-2.522,558.5,1.353,-0.025,0.036,0.249,196.5,0.056,0.163,1.268
"APA1A","Apache Lake, upper","srp","Apache, eppi, upper",2013-05-08,115.5,0.006,158900,17030,4.495,6422,40600,2.564,0.009,2.523,8.867,0.065,0.96,1.509,5.067,4.081,3.647,547.2,1.525,-0.043,0.113,0.095,89.39,0.623,-0.052,1.16
"APA1B","Apache Lake, upper","srp","Apache, hypo, upper",2013-05-08,111.8,0.031,157600,16630,27.1,6242,42160,2.434,0.067,7.849,47.03,0.09,1.005,0.714,5.494,4.153,4.082,545,1.428,-0.04,0.031,0.097,89.27,0.458,-0.029,1.108
"APA2A","Apache Lake, lower","srp","Apache, eppi, lower",2013-05-08,111.8,0.069,157200,16750,-0.258,6351,40420,2.396,0.006,1.743,4.222,0.053,0.898,0.789,7.319,4.416,8.42,541.4,1.426,-0.04,0.021,0.074,88.11,0.34,-0.084,1.128
"APA2B","Apache Lake, lower","srp","Apache, hypo, lower",2013-05-08,108.2,0.304,155300,16390,4.461,6237,40550,2.267,0.257,2.853,10.16,0.076,0.993,0.917,6.353,6.686,60.04,536.7,1.398,-0.031,0.108,0.091,87.9,0.258,-0.059,1.086
"Can1A","Canyon Lake, upper","srp","Canyon, eppi, upper",2013-05-08,104,0.037,162800,15870,10.1,5741,37120,2.266,0.222,6.232,25.98,0.049,0.964,59.05,8.089,3.965,2.371,497.7,1.986,-0.029,0.196,0.128,72.71,3.431,0.108,1.079
"Can1B","Canyon Lake, upper","srp","Canyon, hypo, upper",2013-05-08,99.82,0.078,159500,15850,13.98,5874,37890,2.435,0.046,9.894,21.54,0.114,1.037,84.52,7.709,3.953,3.448,500.4,1.69,-0.03,0.23,0.159,74.26,1.817,0.156,1.077
"Can2A","Canyon Lake, lower","srp","Canyon, eppi, lower",2013-05-08,100.8,0.079,159900,15320,10.57,5755,37730,2.364,0.032,18.62,25.93,0.11,0.992,1.123,4.736,4.007,4.286,488.9,1.472,-0.039,0.169,0.133,74.21,1.212,0.013,1.058
"Can2B","Canyon Lake, lower","srp","Canyon, hypo, lower",2013-05-08,100,0.015,158900,15380,9.925,5772,38000,2.256,-0.007,17.92,18.88,0.052,0.889,0.939,4.661,4.148,7.729,488.7,1.356,-0.04,0.037,0.069,74.47,0.853,-0.055,1.038
"R10","Salt River below Saguaro (Blue Point Bridge)","salt","salt blw saguaro",2013-05-08,95.74,-0.016,150500,15490,15.25,5897,39080,2.053,-0.02,44.94,33.43,0.059,0.838,0.629,1.809,4.104,6.213,506.3,1.248,-0.044,-0.02,0.034,75.65,-0.027,-0.05,0.9746
"R25","verde river at beeline highway","verde","verde @ beeline",2013-05-08,22.21,0.045,34970,29070,171.1,3216,31050,8.879,0.258,35.91,176.6,0.2,1.396,1.897,3.068,15.32,6.318,697.4,2.1,-0.041,-0.004,0.071,45.89,-0.045,0.163,1.488
"R2A","Lake Pleasant integrated sample","cap","pleasant-epi",2013-05-08,36.36,0.145,88970,28500,30.57,5258,53780,3.868,0.091,4.247,42.96,0.091,1.464,1.171,2.16,3.673,16.08,1120,4.065,-0.039,0.02,0.531,113.6,0.017,-0.037,3.542
"R3","Waddell Canal","cap","waddell canal",2013-05-08,32.97,-0.022,81090,25870,5.359,4772,54570,3.176,-0.015,0.979,6.298,0.084,1.477,1.321,4.43,2.519,6.066,1058,3.548,-0.044,-0.02,0.16,105.1,0.002,-0.083,3.092
"Roos1A","Roosevelt Lake, upper","srp","Roosevelt, eppi, upper",2013-05-08,102,0.127,154900,14930,72.94,5818,35720,4.778,0.937,6.526,75.02,0.137,1.098,1.578,8.578,12.09,178.6,479.3,0.918,-0.036,0.085,0.061,72.75,0.177,-0.02,0.953
"Roos1B","Roosevelt Lake, upper","srp","Roosevelt, hypo, upper",2013-05-08,119.1,0.066,153900,17620,95.62,7099,41090,3.302,0.237,12.98,90.19,0.119,1.305,2.143,7.94,3.943,24.93,574.8,1.201,-0.038,0.193,0.09,94.37,0.117,-0.004,1.169
"Roos2A","Roosevelt Lake, lower","srp","Roosevelt, eppi, lower",2013-05-08,105.2,0.094,153900,16310,38.82,6146,38830,4.102,0.087,2.781,25.03,0.102,1.012,1.205,7.276,4.261,21.54,520.9,1.107,-0.04,0.027,0.077,86.92,0.07,-0.07,1.114
"Roos2B","Roosevelt Lake, lower","srp","Roosevelt, hypo, lower",2013-05-08,124.2,-0.017,153000,18520,60.69,7258,42010,3.318,0.919,6.188,55.39,0.081,1.165,8.039,4.169,11.61,178.4,607.8,1.258,-0.043,0.087,0.082,100.9,0.026,-0.049,1.246
"APA1A","Apache Lake, upper","srp","Apache, eppi, upper",2013-08-07,122.6,0.005,179100,16830,9.047,6799,26940,2.251,0.604,3.622,17.19,0.091,1.067,2.385,7.132,4.837,1.48,498,1.7,-0.018,0.268,0.351,81.97,0.118,0.028,1.364
"APA1B","Apache Lake, upper","srp","Apache, hypo, upper",2013-08-07,126.5,0.004,178300,17320,12.05,7027,34910,1.782,0.74,10.2,18.04,0.106,1.344,3.413,8.096,3.88,1.372,553.6,1.596,-0.019,0.581,0.346,98.2,0.094,0.045,1.372
"APA2A","Apache Lake, lower","srp","Apache, eppi, lower",2013-08-07,122.2,0.001,179100,17020,3.485,6850,28050,2.228,0.575,1.584,5.888,0.076,1.055,2.724,5.244,5.755,2.253,503.6,1.679,-0.019,0.223,0.347,82.41,0.101,0.022,1.354
"APA2B","Apache Lake, lower","srp","Apache, hypo, lower",2013-08-07,126.6,0.002,178600,17560,2.468,6986,35970,2.051,0.666,3.988,4.451,0.093,1.34,2.472,8.313,3.471,2.383,563.3,1.58,-0.019,0.113,0.338,97.99,0.075,0.013,1.383
"Can1A","Canyon Lake, upper","srp","Canyon, eppi, upper",2013-08-07,117.3,0.013,177500,15340,7.313,6070,32540,1.563,0.527,8.74,34.74,0.102,1.298,3.831,5.52,4.626,2.246,518.5,2.091,-0.013,0.527,0.344,93.02,0.337,0.042,1.338
"Can1B","Canyon Lake, upper","srp","Canyon, hypo, upper",2013-08-07,120.1,0.007,177300,16070,7.439,6385,34170,1.639,0.756,47.84,18.96,0.106,1.387,4.102,5.657,4.223,1.872,537.1,1.76,-0.018,0.295,0.347,93.67,0.208,0.039,1.35
"Can2A","Canyon Lake, lower","srp","Canyon, eppi, lower",2013-08-07,114.4,0.008,174000,15750,8.816,6253,33420,1.625,0.738,8.315,8.738,0.093,1.178,2.4,4.015,4.639,2.424,515.1,1.656,-0.013,0.113,0.32,89.65,0.156,0.033,1.256
"Can2B","Canyon Lake, lower","srp","Canyon, hypo, lower",2013-08-07,122.7,0.006,177800,16750,6.948,6756,34650,1.635,0.67,42.05,24.35,0.104,1.25,2.707,2.421,4.865,2.257,544.2,1.636,-0.008,0.138,0.317,94.77,0.128,0.03,1.341
"R10","Salt River below Saguaro (Blue Point Bridge)","salt","salt blw saguaro",2013-08-07,113.1,0,177200,16180,1.188,6317,33470,1.393,0.567,24.87,3.705,0.086,1.042,0.842,1.284,4.503,1.571,505,1.549,-0.02,0.004,1.535,96.18,0.035,0.149,1.109
"R25","verde river at beeline highway","verde","verde @ beeline",2013-08-07,21.36,0.002,31760,25750,28.19,2780,27850,5.242,0.826,21.09,39.32,0.191,1.359,1.004,4.384,11.98,2.017,575.5,2.328,-0.02,0.006,0.402,50.33,0.023,0.172,1.464
"R2A","Lake Pleasant integrated sample","cap","pleasant-epi",2013-08-07,39.25,0.001,89560,28110,9.061,5296,47780,2.732,0.503,2.895,2.968,0.121,1.929,3.304,47.22,3.141,2.424,1050,4.482,-0.019,0.017,0.724,114.7,1.452,0.044,3.837
"R3","Waddell Canal","cap","waddell canal",2013-08-07,38.35,-0.002,88630,27900,7.149,5319,48820,2.715,0.442,3.342,4.258,0.122,1.926,1.915,4.392,2.997,3.031,1052,4.455,-0.02,0.027,1.564,112.3,0.023,0.039,3.754
"Roos1A","Roosevelt Lake, upper","srp","Roosevelt, eppi, upper",2013-08-07,133.9,0.002,180400,17330,17.05,7321,31890,5.43,0.638,6.422,23.59,0.119,1.218,2.212,5.156,5.053,1.501,535.1,1.316,-0.019,0.4,0.345,91.53,0.051,0.052,1.213
"Roos1B","Roosevelt Lake, upper","srp","Roosevelt, hypo, upper",2013-08-07,134.7,0.003,181100,17460,20.71,7415,32010,4.288,0.145,8.506,27.35,0.124,1.227,2.938,5.327,5.328,2.083,535.8,1.254,-0.019,0.184,0.348,87.06,0.049,0.065,1.205
"Roos2A","Roosevelt Lake, lower","srp","Roosevelt, eppi, lower",2013-08-07,123,0,181700,17040,8.83,6827,31420,3.979,0.552,5.69,17.09,0.108,1.167,2.314,6.318,4.787,2.579,516,1.303,-0.019,0.141,0.341,86.68,0.038,0.035,1.261
"Roos2B","Roosevelt Lake, lower","srp","Roosevelt, hypo, lower",2013-08-07,124.7,0,182300,17590,24.07,6939,36350,2.168,0.644,21.83,38.75,0.144,1.531,3.309,6.483,3.019,1.693,555.1,1.378,-0.018,0.351,0.333,98.71,0.036,0.064,1.3
"APA1A","Apache Lake, upper","srp","Apache, eppi, upper",2013-11-06,142.6,-0.027,201500,16970,10.73,6604,38390,2.514,3.763,25.2,33.78,0.092,1.005,1.577,5.946,4.543,1.709,565.6,1.659,-0.024,0.125,0.151,97.5,0.116,0.038,1.293
"APA1B","Apache Lake, upper","srp","Apache, hypo, upper",2013-11-06,144,-0.022,202400,17030,16.47,6690,38720,2.539,4.483,30.09,42.48,0.104,1.578,3.345,8.674,4.761,2.503,565.2,1.662,-0.022,0.498,0.162,98.54,0.099,0.068,1.299
"APA2A","Apache Lake, lower","srp","Apache, eppi, lower",2013-11-06,143.6,-0.023,202400,17020,7.612,6563,38280,2.446,3.698,45.02,19.61,0.087,0.965,2.048,8.247,4.769,2.011,563.9,1.594,-0.022,0.127,0.145,97.45,0.074,0.011,1.27
"APA2B","Apache Lake, lower","srp","Apache, hypo, lower",2013-11-06,143.6,-0.023,202700,16990,5.979,6515,38370,2.403,3.601,46.58,23.11,0.084,0.933,1.05,7.392,4.816,2.497,563.9,1.557,-0.023,0.025,0.138,97.49,0.065,0,1.304
"Can1A","Canyon Lake, upper","srp","Canyon, eppi, upper",2013-11-06,141.9,-0.013,198400,16680,17.4,6480,38230,2.587,3.528,45.55,47.73,0.101,0.97,2.965,9.016,4.751,2.337,552.9,1.742,-0.024,0.074,0.168,94.25,0.312,0.113,1.26
"Can1B","Canyon Lake, upper","srp","Canyon, hypo, upper",2013-11-06,139.7,-0.014,196900,16710,25.27,6714,38360,2.594,3.782,33.46,57.33,0.109,1.193,7.63,20.57,4.69,2.524,552.9,1.733,-0.019,0.807,0.182,92.96,0.237,0.205,1.236
"Can2A","Canyon Lake, lower","srp","Canyon, eppi, lower",2013-11-06,140,-0.017,196600,16610,10.75,6526,37920,2.602,3.735,35.67,28.49,0.091,0.907,1.616,5.857,4.976,2.876,554.6,1.693,-0.023,0.045,0.148,92.79,0.185,0.07,1.252
"Can2B","Canyon Lake, lower","srp","Canyon, hypo, lower",2013-11-06,139.6,-0.022,197400,16680,9.59,6545,38110,2.539,3.704,34.22,32.03,0.09,1.001,2.77,9.199,4.84,2.332,552.9,1.628,-0.024,0.094,0.152,92.74,0.154,0.08,1.237
"R10","Salt River below Saguaro (Blue Point Bridge)","salt","salt blw saguaro",2013-11-06,NA,NA,NA,NA,NA,NA,NA,NA,NA,NA,NA,NA,NA,NA,NA,NA,NA,NA,NA,NA,NA,NA,NA,NA,NA,NA
"R25","verde river at beeline highway","verde","verde @ beeline",2013-11-06,23.79,0.012,29280,25040,50.35,3000,30510,6.559,5.053,66.42,101,0.23,1.38,1.265,0.659,18.35,1.269,631.5,2.44,-0.026,0.015,0.158,49.37,0.69,0.298,1.273
"R2A","Lake Pleasant integrated sample","cap","pleasant-epi",2013-11-06,42.48,-0.014,84760,25990,6.315,4908,51420,3.728,3.174,1.728,4.314,0.12,1.611,7.987,1.7,3.595,2.597,1049,4.816,-0.024,0.036,0.405,121.1,0.461,-0.005,3.759
"R3","Waddell Canal","cap","waddell canal",2013-11-06,39.55,0.001,77150,23680,19.85,4297,52340,3.264,3.108,2.988,17.18,0.168,1.472,1.193,-0.14,2.643,2.328,980.1,4.495,-0.026,0.015,0.305,114.4,1.478,0.095,3.488
"Roos1A","Roosevelt Lake, upper","srp","Roosevelt, eppi, upper",2013-11-06,146,-0.012,206000,16420,53.4,6645,37250,5.825,3.473,19.27,131.9,0.164,1.123,2.807,6.742,5.488,2.387,542.2,1.31,-0.024,0.055,0.167,97.5,0.073,0.182,1.255
"Roos1B","Roosevelt Lake, upper","srp","Roosevelt, hypo, upper",2013-11-06,147.2,-0.009,207400,16460,56.42,6694,37280,5.865,3.456,18.96,120.2,0.165,1.123,2.376,4.673,5.369,2.366,541.1,1.302,-0.022,0.085,0.163,97.55,0.063,0.191,1.265
"Roos2A","Roosevelt Lake, lower","srp","Roosevelt, eppi, lower",2013-11-06,142.3,-0.019,202500,16350,22.55,6473,36670,4.933,3.431,15.17,51.55,0.116,1.027,1.929,8.299,5.403,2.576,534.9,1.378,-0.022,0.09,0.174,97.66,0.057,0.061,1.27
"Roos2B","Roosevelt Lake, lower","srp","Roosevelt, hypo, lower",2013-11-06,142.5,-0.019,203100,16460,30.49,6476,36660,4.896,3.433,22.61,62.72,0.125,1.045,2.327,10.04,5.77,2.323,536,1.409,-0.018,0.078,0.179,98.31,0.051,0.082,1.288
"APA1A","Apache Lake, upper","srp","Apache, eppi, upper",2014-02-03,130.7,-0.013,177100,15950,-0.891,6386,36390,2.939,4.347,0.094,-0.751,0.081,1.033,2.275,0.145,3.682,2.234,552.3,1.776,0.061,0.01,0.136,90.66,NA,0.008,1.306
"APA1B","Apache Lake, upper","srp","Apache, hypo, upper",2014-02-03,133.2,-0.013,180100,16150,0.111,6421,36550,2.877,4.269,0.131,-0.546,0.08,1.042,1.393,-0.069,3.901,2.049,551.7,1.746,0.058,0.007,0.139,90.57,NA,0.011,1.327
"APA2A","Apache Lake, lower","srp","Apache, eppi, lower",2014-02-03,134.5,-0.017,181600,16200,-0.595,6461,36520,2.912,4.264,0.08,-0.673,0.077,1.071,0.816,0.043,4.148,2.493,558.3,1.752,0.062,0.007,0.136,91.3,NA,0.009,1.358
"APA2B","Apache Lake, lower","srp","Apache, hypo, lower",2014-02-03,135.6,-0.014,183200,16280,0.533,6490,36730,2.873,4.275,0.172,-0.497,0.078,1.057,1.491,-0.02,3.766,1.783,556.7,1.752,0.061,0.012,0.14,91.22,NA,0.01,1.384
"Can1A","Canyon Lake, upper","srp","Canyon, eppi, upper",2014-02-03,132.5,0.004,178600,15860,-1.409,6317,35280,3.113,4.557,0.094,-0.834,0.099,1.012,1.057,0.523,3.677,1.46,537,2.332,0.086,0.019,0.158,82.62,NA,0.024,1.281
"Can1B","Canyon Lake, upper","srp","Canyon, hypo, upper",2014-02-03,127.9,0.003,172300,15540,-0.783,6454,35400,3.039,4.51,0.148,-0.776,0.093,1.073,1.396,2.578,3.928,1.27,535,2.024,0.074,0.115,0.152,81.65,NA,0.029,1.26
"Can2A","Canyon Lake, lower","srp","Canyon, eppi, lower",2014-02-03,126.9,-0.007,171700,15530,-1.416,6339,35490,3.001,4.403,0.109,-0.827,0.086,1.012,1.006,0.017,3.924,1.917,537.4,1.869,0.066,0.005,0.135,81.62,NA,0.011,1.287
"Can2B","Canyon Lake, lower","srp","Canyon, hypo, lower",2014-02-03,128.2,-0.01,173000,15660,-1.371,6376,35380,2.986,4.368,0.102,-0.802,0.084,1,1.049,-0.071,4.207,1.699,539,1.845,0.059,0.003,0.133,81.92,NA,0.009,1.298
"Hav","Havasu Lake",NA,"Havasu",2014-02-03,35.75,-0.014,68060,21410,25.44,3840,47180,1.72,0.722,3.644,34.6,0.119,1.201,2.561,8.715,1.989,2.685,891.1,3.397,-0.029,0.003,0.186,105.1,0.036,0.19,3.279
"R10","Salt River below Saguaro (Blue Point Bridge)","salt","salt blw saguaro",2014-02-03,NA,NA,NA,NA,NA,NA,NA,NA,NA,NA,NA,NA,NA,NA,NA,NA,NA,NA,NA,NA,NA,NA,NA,NA,NA,NA
"R25","verde river at beeline highway","verde","verde @ beeline",2014-02-03,25.28,-0.012,31040,26750,0.99,3114,26460,7.561,5.566,0.308,1.44,0.079,1.112,0.782,-0.765,14.93,2.561,663,2.779,0.059,0,0.14,40.44,NA,0.012,1.891
"R2A","Lake Pleasant integrated sample","cap","pleasant-epi",2014-02-03,41.12,-0.017,74410,23590,28.04,4374,46460,2.091,0.589,4.566,37.53,0.117,1.218,1.541,2.296,2.495,2.464,937.1,3.868,-0.029,0.001,0.241,105.2,0.27,0.09,3.495
"R3","Waddell Canal","cap","waddell canal",2014-02-03,36.65,-0.012,72050,22790,-0.25,4288,50210,3.189,3.702,0.027,-0.246,0.116,1.562,1.003,-0.277,2.441,2.458,1000,3.896,0.063,0.004,0.233,108.5,NA,0.011,3.722
"Roos1A","Roosevelt Lake, upper","srp","Roosevelt, eppi, upper",2014-02-03,139.8,-0.014,189300,16150,3.372,6620,36590,4.69,4.225,0.289,1.764,0.097,1.103,1.994,0.705,4.436,1.515,559.4,1.372,0.057,0.005,0.145,92.19,NA,0.01,1.349
"Roos1B","Roosevelt Lake, upper","srp","Roosevelt, hypo, upper",2014-02-03,142.5,-0.017,191500,16250,7.431,6644,37020,4.721,4.24,0.223,4.173,0.095,1.1,0.878,-0.052,4.619,1.484,563.7,1.393,0.057,0.002,0.141,93.61,NA,0.01,1.371
"Roos2A","Roosevelt Lake, lower","srp","Roosevelt, eppi, lower",2014-02-03,138.1,-0.014,187800,16000,0.66,6540,35840,4.475,4.325,0.193,0.186,0.09,1.124,0.934,1.294,4.411,2.633,551.7,1.394,0.057,0.014,0.15,93.64,NA,0.009,1.38
"Roos2B","Roosevelt Lake, lower","srp","Roosevelt, hypo, lower",2014-02-03,138.2,-0.011,187900,15980,1.116,6557,36500,4.513,4.217,0.203,0.068,0.091,1.173,1.1,0.717,4.465,1.76,552.7,1.392,0.059,0.02,0.147,93.78,NA,0.011,1.375
"APA1A","Apache Lake, upper","srp","Apache, eppi, upper",2014-05-05,146.3,-0.013,145300,16010,8.373,6205,35280,2.537,3.039,4.396,37.41,0.086,0.836,1.394,4.736,4.069,1.571,514.4,1.689,-0.024,0.061,0.129,87.82,0.077,0.039,1.292
"APA1B","Apache Lake, upper","srp","Apache, hypo, upper",2014-05-05,143.4,-0.015,144800,15820,11.57,6142,35340,2.49,2.94,5.465,25.33,0.083,0.812,1.203,1.485,4.001,1.813,510.8,1.594,-0.028,0.034,0.123,87.72,0.066,0.042,1.254
"APA2A","Apache Lake, lower","srp","Apache, eppi, lower",2014-05-05,141.2,-0.016,145100,15960,6.258,6147,35410,2.418,2.931,3.861,25.64,0.086,0.778,1.435,2.457,4.17,1.832,513.8,1.628,-0.029,0.052,0.12,87.31,0.057,0.051,1.276
"APA2B","Apache Lake, lower","srp","Apache, hypo, lower",2014-05-05,138.7,-0.017,145100,15840,8.085,6135,36390,2.205,2.547,4.981,25.02,0.076,0.79,1.537,2.428,3.81,2.623,505.4,1.537,-0.031,0.165,0.119,85.26,0.049,0.025,1.235
"Can1A","Canyon Lake, upper","srp","Canyon, eppi, upper",2014-05-05,145.6,-0.008,144200,15490,4.383,6132,33950,2.498,3.367,6.491,23.13,0.09,0.847,2.823,5.302,4.195,1.491,493.4,2.047,-0.02,0.033,0.144,80.04,0.267,0.059,1.266
"Can1B","Canyon Lake, upper","srp","Canyon, hypo, upper",2014-05-05,139.6,-0.009,136900,15340,4.499,6290,34420,2.549,3.408,11.35,14.62,0.083,0.932,2.247,6.387,4.224,1.361,491.9,1.806,-0.025,0.045,0.134,77.79,0.149,0.062,1.204
"Can2A","Canyon Lake, lower","srp","Canyon, eppi, lower",2014-05-05,140.6,-0.011,142100,15480,4.201,6102,34340,2.52,3.116,12.7,20.23,0.077,0.795,2.628,4.136,4.351,1.428,495,1.682,-0.028,0.251,0.125,78.73,0.111,0.093,1.235
"Can2B","Canyon Lake, lower","srp","Canyon, hypo, lower",2014-05-05,140.1,-0.011,145200,15520,6.159,6131,34960,2.491,3.109,14.99,19.01,0.08,0.825,1.983,4.123,4.029,2.385,494.1,1.613,-0.026,2.597,0.126,79.03,0.09,0.09,1.247
"Hav","Havasu Lake",NA,"Havasu",2014-05-05,34.01,-0.014,66090,20720,2.882,3823,47050,2.65,2.613,1.889,6.477,0.089,1.252,2.068,2.205,2.316,2.51,889.1,3.387,-0.031,-0.008,0.17,100.6,0.083,0.029,2.777
"R10","Salt River below Saguaro (Blue Point Bridge)","salt","salt blw saguaro",2014-05-05,128.8,-0.015,148400,15300,2.196,5931,35310,2.047,2.903,65,23.49,0.073,0.691,1.118,0.764,4.381,2.79,497.5,1.396,-0.034,0.001,0.097,80.87,0.025,0.027,1.137
"R25","verde river at beeline highway","verde","verde @ beeline",2014-05-05,25.37,0.017,32030,26800,135.5,2962,39330,4.748,4.15,73.67,212.8,0.395,1.41,1.307,1.747,13.77,1.416,665.3,2.479,-0.032,0.011,0.109,51.04,0.022,1,1.807
"R2A","Lake Pleasant integrated sample","cap","pleasant-epi",2014-05-05,36.38,-0.013,70340,22760,-0.658,4259,45280,3.107,2.55,1.762,1.818,0.074,1.14,0.881,0.483,2.953,2.681,929.8,3.841,-0.032,-0.011,0.229,98.17,0.257,-0.023,3.063
"R3","Waddell Canal","cap","waddell canal",2014-05-05,36.27,-0.015,70300,21810,12.99,4010,49210,2.316,2.616,4.019,24.47,0.125,1.17,1.442,4.792,2.484,3.036,911.9,3.387,-0.032,0.016,0.186,104.8,0.027,0.111,3.206
"Roos1A","Roosevelt Lake, upper","srp","Roosevelt, eppi, upper",2014-05-05,155.6,-0.009,144600,16510,36.14,6633,37570,3.721,2.614,8.953,102.1,0.157,0.935,1.4,2.515,4.601,1.958,549.9,1.193,-0.029,0.049,0.112,89.73,0.039,0.15,1.246
"Roos1B","Roosevelt Lake, upper","srp","Roosevelt, hypo, upper",2014-05-05,156.1,0.062,144900,17000,264,6775,44500,4.821,2.476,79.96,804.3,0.694,1.501,4.151,3.533,5.834,2.911,568.5,1.16,-0.029,0.088,0.124,104.5,0.033,1.514,1.299
"Roos2A","Roosevelt Lake, lower","srp","Roosevelt, eppi, lower",2014-05-05,141.9,-0.018,145200,15970,6.727,6266,36490,3.404,2.726,2.012,28.82,0.09,0.837,1.874,4.284,4.655,1.535,525.9,1.238,-0.031,0.068,0.123,90.23,0.033,0.015,1.242
"Roos2B","Roosevelt Lake, lower","srp","Roosevelt, hypo, lower",2014-05-05,139.4,-0.019,145300,15750,12.03,6196,35780,3.045,2.676,4.989,34.85,0.095,0.868,1.346,3.846,3.665,1.298,520.1,1.233,-0.03,0.071,0.122,91.69,0.026,0.064,1.198
"APA1A","Apache Lake, upper","srp","Apache, eppi, upper",2014-08-05,131.4,-0.018,103500,15450,5.993,5960,32840,2.294,2.665,3.143,14.82,0.062,0.817,1.201,3.401,4.45,1.851,498,1.424,-0.031,0.196,0.102,82.17,0.047,0.002,1.138
"APA1B","Apache Lake, upper","srp","Apache, hypo, upper",2014-08-05,131,-0.016,104300,15250,10.29,5976,35050,2.279,3.002,17.14,29.16,0.062,0.948,2.414,4.286,4.292,1.894,512.8,1.347,-0.026,0.529,0.105,86.78,0.04,0.061,1.144
"APA2A","Apache Lake, lower","srp","Apache, eppi, lower",2014-08-05,137.7,-0.021,105700,15460,1.742,5993,32410,2.237,2.66,2.662,4.057,0.051,0.743,1.213,1.87,4.41,1.737,496.5,1.431,-0.031,0.075,0.102,82.24,0.039,-0.005,1.167
"APA2B","Apache Lake, lower","srp","Apache, hypo, lower",2014-08-05,135.1,-0.02,106900,15250,0.23,5950,34750,2.209,2.932,12.3,9.39,0.055,0.787,1.814,3.423,4.058,2.19,507.7,1.356,-0.031,0.154,0.101,85.12,0.033,0.031,1.172
"Can1A","Canyon Lake, upper","srp","Canyon, eppi, upper",2014-08-05,131.1,-0.017,99600,15180,4.511,5930,34010,2.011,2.226,8.24,7.436,0.052,0.763,0.96,10.33,4.299,1.094,499.9,1.483,-0.03,0.219,0.1,79.44,0.094,-0.009,1.049
"Can1B","Canyon Lake, upper","srp","Canyon, hypo, upper",2014-08-05,132.8,-0.017,98960,15050,0.771,5966,33560,2.18,2.831,14.06,10.64,0.053,0.863,1.408,4.619,4.229,1.934,499.8,1.421,-0.029,0.635,0.095,80.69,0.071,0.008,1.068
"Can2A","Canyon Lake, lower","srp","Canyon, eppi, lower",2014-08-05,129.2,-0.017,100500,15170,0.497,5844,33410,1.975,2.18,21.78,13.05,0.048,0.691,1.055,1.006,4.015,2.499,499.5,1.367,-0.031,0.018,0.091,81.66,0.057,-0.006,1.083
"Can2B","Canyon Lake, lower","srp","Canyon, hypo, lower",2014-08-05,132.1,-0.018,101400,15170,2.052,5908,33640,2.172,2.78,37.74,8.01,0.052,0.742,2.504,2.687,4.149,0.965,500,1.324,-0.031,0.149,0.097,82.81,0.051,0.008,1.078
"Hav","Havasu Lake",NA,"Havasu",2014-08-05,37.13,-0.006,77700,21290,7.786,4452,51480,1.769,0.1,6.626,11.89,0.11,-4.806,16.64,1.856,2.535,3.535,973.3,4.098,-0.036,-0.005,0.251,109.9,0.171,0.026,3.527
"R10","Salt River below Saguaro (Blue Point Bridge)","salt","salt blw saguaro",2014-08-05,131.1,-0.013,96700,15250,0.293,5893,32670,2.225,2.667,16.13,4.659,0.055,0.627,0.719,-0.76,4.393,1.763,498.2,2.016,-0.029,-0.014,0.092,75.36,0.165,0.014,1.017
"R25","verde river at beeline highway","verde","verde @ beeline",2014-08-05,24.88,0.006,31770,24930,150.5,3117,26850,6.672,3.97,61.62,208.1,0.317,1.239,2.284,0.673,14.08,2.214,582.7,2.88,-0.03,0.011,0.149,37.67,0.12,0.869,1.604
"R2A","Lake Pleasant integrated sample","cap","pleasant-epi",2014-08-05,39.99,-0.007,82580,23220,14.17,4785,51530,2.255,0.108,11.17,32.53,0.112,-4.729,7.708,4.435,3.412,3.947,990.1,4.733,-0.025,0.013,0.325,102,1.179,0.016,3.918
"R3","Waddell Canal","cap","waddell canal",2014-08-05,37.79,-0.003,72190,23220,3.77,4375,47490,3.108,2.57,5.449,4.354,0.094,1.269,1.245,0.545,3.079,1.794,945.8,5.059,-0.027,0.008,0.24,99.43,0.282,0.002,3.095
"Roos1A","Roosevelt Lake, upper","srp","Roosevelt, eppi, upper",2014-08-05,180.3,-0.02,107100,17700,7.008,7314,33990,4.097,2.133,6.122,15.4,0.069,0.765,0.896,2.297,5.012,2.245,584,1.222,-0.032,0.026,0.114,89.83,0.024,0.009,1.287
"Roos1B","Roosevelt Lake, upper","srp","Roosevelt, hypo, upper",2014-08-05,196.8,-0.001,108400,18420,174.1,8237,37050,5.054,3.043,46.68,229.2,0.167,1.066,2.18,5.55,6.591,2.459,621.7,1.219,-0.029,0.217,0.153,102.4,0.025,0.279,1.306
"Roos2A","Roosevelt Lake, lower","srp","Roosevelt, eppi, lower",2014-08-05,161.4,-0.018,111000,16900,2.616,6695,32580,4.07,2.579,2.673,6.491,0.051,0.73,0.71,0.808,4.991,2.131,550.9,1.262,-0.031,0.059,0.119,90.22,0.02,-0.017,1.326
"Roos2B","Roosevelt Lake, lower","srp","Roosevelt, hypo, lower",2014-08-05,137.8,-0.016,112100,15300,23.4,5945,36550,2.405,3.131,105,96.19,0.129,0.899,0.729,2.603,4.546,2.138,524.8,1.171,-0.032,0.08,0.103,93.93,0.022,0.045,1.193
"APA1A","Apache Lake, upper","srp","Apache, eppi, upper",2014-11-03,139.9,0.001,214300,15310,39.59,6553,38210,1.518,0.19,36.94,73.29,0.106,-5.152,1.092,5.659,4.768,3.529,538.7,1.955,-0.029,0.041,0.148,87.6,0.478,0.049,1.275
"APA1B","Apache Lake, upper","srp","Apache, hypo, upper",2014-11-03,141.6,0.001,215800,15410,117.5,6604,38220,1.646,0.288,45.3,167.4,0.159,-4.907,1.354,11.26,4.668,3.519,540.3,1.84,-0.015,0.086,0.153,89.12,0.407,0.117,1.293
"APA2A","Apache Lake, lower","srp","Apache, eppi, lower",2014-11-03,140,0.002,214500,15260,22.45,6570,38000,1.576,0.424,81.96,36.27,0.105,-4.847,1.353,8.307,4.806,2.556,538.1,1.776,0.053,0.142,0.151,88.3,0.341,0.033,1.271
"APA2B","Apache Lake, lower","srp","Apache, hypo, lower",2014-11-03,140.7,-0.001,214900,15410,50.32,6599,38610,1.571,0.174,76.7,66.25,0.137,-5.051,1.243,7.607,4.804,1.457,541.4,1.73,-0.028,0.08,0.152,87.71,0.285,0.044,1.278
"Can1A","Canyon Lake, upper","srp","Canyon, eppi, upper",2014-11-03,142.9,0.018,216600,15220,29.25,6619,37140,1.594,0.432,41.94,47.13,0.103,-5.014,2.104,5.832,4.684,2.288,525.6,3.408,-0.006,0.103,0.174,83.88,1.702,0.14,1.285
"Can1B","Canyon Lake, upper","srp","Canyon, hypo, upper",2014-11-03,140.3,0.006,214600,15180,45.19,6631,36950,1.632,0.369,45.26,86.19,0.103,-4.937,1.673,6.558,4.913,3.697,527.4,2.57,-0.016,0.2,0.215,83.63,1.055,0.064,1.269
"Can2A","Canyon Lake, lower","srp","Canyon, eppi, lower",2014-11-03,139.2,0,212600,15070,17.12,6605,36480,1.594,0.18,56.45,39.64,0.088,-5.236,0.953,2.643,4.677,1.693,526.2,2.225,-0.026,0.018,0.16,83.65,0.77,0.037,1.266
"Can2B","Canyon Lake, lower","srp","Canyon, hypo, lower",2014-11-03,138.7,0.004,212700,15090,26.2,6679,36390,1.651,0.186,64.17,50.11,0.098,-5.096,1.613,8.179,4.858,2.995,524.5,2.026,-0.021,0.114,0.165,83.5,0.594,0.075,1.248
"Hav","Havasu Lake",NA,"Havasu",2014-11-03,37.91,-0.005,80400,21830,48.66,4412,53140,2.083,0.917,8.612,81.54,0.145,-4.749,1.24,0.584,2.658,3.648,1014,4.204,-0.033,-0.003,0.264,117,0.197,0.176,3.777
"R10","Salt River below Saguaro (Blue Point Bridge)","salt","salt blw saguaro",2014-11-03,137,0.001,214400,16540,133.9,6929,39880,1.918,0.312,131.1,158.8,0.25,-4.383,0.949,0.759,3.928,3.596,542.4,1.858,-0.033,0.032,0.127,71.13,0.157,0.542,1.069
"R25","verde river at beeline highway","verde","verde @ beeline",2014-11-03,31.27,0.093,36920,27910,1385,3904,33260,5.911,1.515,119.4,1217,1.068,-2.445,2.622,6.413,16.66,3.938,731,2.282,-0.03,0.018,0.15,66.1,0.148,1.688,1.875
"R2A","Lake Pleasant integrated sample","cap","pleasant-epi",2014-11-03,38,-0.003,80280,22760,3.717,4912,48870,2.447,0.823,8.962,7.556,0.098,-4.778,1.382,1.76,4.016,3.151,969,4.695,-0.024,0.05,0.357,102.6,1.796,0.019,3.75
"R3","Waddell Canal","cap","waddell canal",2014-11-03,38.56,-0.002,80210,21720,78.86,4479,53180,1.887,0.179,7.533,65.95,0.154,-4.611,1.363,0.847,2.657,4.781,996.8,4.098,-0.035,0.004,0.251,114,0.163,0.111,3.568
"Roos1A","Roosevelt Lake, upper","srp","Roosevelt, eppi, upper",2014-11-03,165.1,0.006,241100,16540,204.7,7615,38370,4.248,0.367,19.43,189.4,0.214,-4.758,1.905,6.729,5.515,3.246,590.3,1.574,-0.028,0.127,0.189,96.87,0.241,0.169,1.403
"Roos1B","Roosevelt Lake, upper","srp","Roosevelt, hypo, upper",2014-11-03,165.2,0.008,240800,16600,232.2,7593,38180,4.3,0.334,21.98,214,0.23,-4.779,1.998,6.623,5.174,1.366,588,1.508,-0.027,0.051,0.183,96.33,0.272,0.172,1.4
"Roos2A","Roosevelt Lake, lower","srp","Roosevelt, eppi, lower",2014-11-03,162.9,-0.007,239800,16590,32.34,7419,37620,3.514,0.169,47.92,44.02,0.126,-5.19,1.032,2.878,5.482,3.861,588.8,1.592,-0.023,0.013,0.196,97.52,0.192,0.023,1.422
"Roos2B","Roosevelt Lake, lower","srp","Roosevelt, hypo, lower",2014-11-03,157,-0.004,235200,16240,43.57,7244,38410,3.114,0.223,344.3,81.08,0.321,-5.069,1.109,2.603,5.841,3.648,584,1.547,-0.027,0.085,0.192,124,0.174,0.079,1.355
"APA1A","Apache Lake, upper","srp","Apache, eppi, upper",2015-02-03,139.6,-0.006,212500,15350,22.82,6509,38100,2.067,0.997,8.822,23.41,0.076,-5.263,0.739,-0.117,4.291,2.985,541.4,1.732,-0.034,-0.006,0.153,91.52,0.088,0.024,1.365
"APA1B","Apache Lake, upper","srp","Apache, hypo, upper",2015-02-03,NA,NA,NA,NA,NA,NA,NA,NA,NA,NA,NA,NA,NA,NA,NA,NA,NA,NA,NA,NA,NA,NA,NA,NA,NA,NA
"APA2A","Apache Lake, lower","srp","Apache, eppi, lower",2015-02-03,140.1,-0.012,212600,15440,9.917,6497,38320,2.109,1.219,9.461,13.66,0.062,-5.281,1.408,-0.253,4.269,1.458,544.4,1.704,-0.035,-0.007,0.151,88.07,0.075,0.009,1.382
"APA2B","Apache Lake, lower","srp","Apache, hypo, lower",2015-02-03,NA,NA,NA,NA,NA,NA,NA,NA,NA,NA,NA,NA,NA,NA,NA,NA,NA,NA,NA,NA,NA,NA,NA,NA,NA,NA
"Can1A","Canyon Lake, upper","srp","Canyon, eppi, upper",2015-02-03,133.5,-0.002,206100,15040,20.83,6460,35820,2.011,1.069,10.44,36.63,0.069,-5.189,1.475,2.887,4.485,1.188,522.4,1.751,-0.032,0.026,0.157,79.9,0.186,0.052,1.331
"Can1B","Canyon Lake, upper","srp","Canyon, hypo, upper",2015-02-03,135.1,-0.01,208200,15090,16.08,6526,35990,2.105,1.211,16.91,45.82,0.071,-5.16,1.497,3.105,4.352,1.987,523,1.706,-0.032,0.037,0.161,80.06,0.121,0.229,1.327
"Can2A","Canyon Lake, lower","srp","Canyon, eppi, lower",2015-02-03,136,-0.012,209000,15080,19.31,6498,35850,2.138,1.16,23.99,44.84,0.075,-5.22,1.539,3.13,4.878,1.884,522.2,1.713,-0.027,0.017,0.161,79.88,0.1,0.068,1.326
"Can2B","Canyon Lake, lower","srp","Canyon, hypo, lower",2015-02-03,137.3,-0.007,209200,15140,38.27,6607,36490,2.25,1.407,36.17,77.4,0.086,-5.133,2.956,3.305,4.598,2.598,525.8,1.716,-0.029,0.067,0.164,80.88,0.098,0.115,1.345
"Hav","Havasu Lake",NA,"Havasu",2015-02-03,36.32,0.003,72680,20770,18.91,4419,48690,2.093,0.501,3.217,24.3,0.134,1.228,0.94,0.675,2.319,2.919,1021,3.837,-0.041,0.008,0.216,111.9,0.068,0.052,2.874
"R10","Salt River below Saguaro (Blue Point Bridge)","salt","salt blw saguaro",2015-02-03,128.6,-0.007,201800,16140,34.11,6298,40700,1.376,1.174,27.43,43.3,0.118,-4.853,1.957,3.778,2.661,1.155,542.2,1.795,-0.03,0.036,0.124,69.67,0.066,0.266,1.234
"R25","verde river at beeline highway","verde","verde @ beeline",2015-02-03,28.98,0.061,36360,28130,656.2,3265,33380,6.037,2.678,114,676.2,0.93,-3.099,2.377,3.956,15.72,2.469,725,2.797,-0.031,0.02,0.181,56.61,0.067,1.675,2.189
"R2A","Lake Pleasant integrated sample","cap","pleasant-epi",2015-02-03,34.95,0.001,70820,21190,6.304,4700,45560,2.373,0.508,5.063,8.988,0.114,1.142,1.055,1.873,2.982,2.941,962.3,4.027,-0.041,0.011,0.259,101.4,0.212,0.024,2.595
"R3","Waddell Canal","cap","waddell canal",2015-02-03,38.38,0.001,80860,21980,97.05,4436,55940,2.233,0.959,9.832,98.17,0.19,-4.562,2.581,0.715,2.632,2.655,1034,4.284,-0.035,-0.001,0.27,117.4,0.061,0.258,3.909
"Roos1A","Roosevelt Lake, upper","srp","Roosevelt, eppi, upper",2015-02-03,161.2,-0.003,237000,16540,56.41,7300,39680,3.503,0.955,10.85,57.16,0.135,-5.092,0.924,0.085,4.791,2.692,596.3,1.43,-0.034,-0.005,0.172,95.6,0.066,0.063,1.443
"Roos1B","Roosevelt Lake, upper","srp","Roosevelt, hypo, upper",2015-02-03,NA,NA,NA,NA,NA,NA,NA,NA,NA,NA,NA,NA,NA,NA,NA,NA,NA,NA,NA,NA,NA,NA,NA,NA,NA,NA
"Roos2A","Roosevelt Lake, lower","srp","Roosevelt, eppi, lower",2015-02-03,153.3,0.008,229900,16010,140,7001,38690,3.555,1.133,38.44,180.7,0.225,-4.985,1.028,0.493,5.221,2.763,577,1.384,-0.03,-0.004,0.175,97.51,0.067,0.222,1.419
"Roos2B","Roosevelt Lake, lower","srp","Roosevelt, hypo, lower",2015-02-03,NA,NA,NA,NA,NA,NA,NA,NA,NA,NA,NA,NA,NA,NA,NA,NA,NA,NA,NA,NA,NA,NA,NA,NA,NA,NA
"APA1A","Apache Lake, upper","srp","Apache, eppi, upper",2015-05-05,144.7,0.001,101600,14850,6.934,6671,33000,1.703,0.523,2.494,15.49,0.081,0.699,1.302,3.05,4.063,2.082,531.4,1.645,-0.039,0.081,0.15,85.7,0.036,0.016,1.061
"APA1B","Apache Lake, upper","srp","Apache, hypo, upper",2015-05-05,143.6,0.001,104800,14840,16.83,6648,34720,1.679,0.611,7.298,38.43,0.092,0.81,1.927,3.328,3.731,1.263,537.4,1.544,-0.038,0.157,0.125,87.7,0.031,0.025,1.062
"APA2A","Apache Lake, lower","srp","Apache, eppi, lower",2015-05-05,144.9,-0.002,107600,15010,1.802,6672,34010,1.614,0.451,1.691,6.38,0.079,0.703,1.395,1.606,4.019,1.63,535.6,1.585,-0.042,0.047,0.132,86.46,0.03,0.014,1.091
"APA2B","Apache Lake, lower","srp","Apache, hypo, lower",2015-05-05,144.2,0.001,109900,14920,4.499,6595,35070,1.578,0.561,2.243,10.55,0.078,0.719,1.485,1.726,3.875,1.293,536.8,1.51,-0.042,0.063,0.126,86.68,0.026,0.01,1.092
"Can1A","Canyon Lake, upper","srp","Canyon, eppi, upper",2015-05-05,130.5,-0.001,92560,14280,24.15,6491,31660,1.516,0.619,4.297,17.8,0.075,0.68,1.159,2.702,4.459,1.423,511,1.619,-0.041,0.035,0.126,75.3,0.059,0.023,0.97
"Can1B","Canyon Lake, upper","srp","Canyon, hypo, upper",2015-05-05,128.8,-0.001,93320,14150,7.021,6611,32000,1.538,0.531,9.917,20.6,0.077,1.172,1.816,4.726,4.172,2.718,510.4,1.811,-0.043,0.069,0.125,73.45,0.044,0.038,0.96
"Can2A","Canyon Lake, lower","srp","Canyon, eppi, lower",2015-05-05,129,0,93730,14280,2.86,6507,31900,1.542,0.67,4.043,16.09,0.073,0.709,1.277,2.489,4.11,1.758,509.9,1.556,-0.042,0.057,0.128,73.28,0.037,0.03,0.966
"Can2B","Canyon Lake, lower","srp","Canyon, hypo, lower",2015-05-05,130.1,-0.002,96930,14340,10.46,6566,32430,1.532,0.54,12.65,18.53,0.075,0.697,1.391,2.787,4.318,1.474,511.7,1.523,-0.034,0.095,0.129,75.74,0.036,0.043,0.979
"Hav","Havasu Lake",NA,"Havasu",2015-05-05,NA,NA,NA,NA,NA,NA,NA,NA,NA,NA,NA,NA,NA,NA,NA,NA,NA,NA,NA,NA,NA,NA,NA,NA,NA,NA
"R10","Salt River below Saguaro (Blue Point Bridge)","salt","salt blw saguaro",2015-05-05,116.5,0.009,75010,14080,0.39,6429,32760,1.348,0.808,14.02,7.315,0.093,0.628,2.463,0.665,4.69,2.708,511.5,2.133,-0.034,0.014,0.331,81.47,0.112,0.118,0.776
"R25","verde river at beeline highway","verde","verde @ beeline",2015-05-05,16.07,0.027,20630,17320,253.4,3008,23510,4.778,0.891,18.08,208.3,0.249,1.334,1.771,1.614,10.98,1.457,476.1,2.202,-0.033,0.018,0.163,43.28,0.086,0.358,0.922
"R2A","Lake Pleasant integrated sample","cap","pleasant-epi",2015-05-05,NA,NA,NA,NA,NA,NA,NA,NA,NA,NA,NA,NA,NA,NA,NA,NA,NA,NA,NA,NA,NA,NA,NA,NA,NA,NA
"R3","Waddell Canal","cap","waddell canal",2015-05-05,38.05,0.053,73950,21010,25.09,4487,47630,2.214,0.775,3.42,24.01,0.183,1.375,2.147,1.876,2.305,2.754,999.6,4.865,0.002,0.073,0.357,106.3,0.207,0.112,2.832
"Roos1A","Roosevelt Lake, upper","srp","Roosevelt, eppi, upper",2015-05-05,152.4,0.003,111700,14420,28.68,6635,34700,3.019,0.527,7.158,30.33,0.116,0.777,1.174,2.008,3.931,2.005,533.7,0.982,-0.044,0.032,0.107,76.13,0.022,0.038,0.97
"Roos1B","Roosevelt Lake, upper","srp","Roosevelt, hypo, upper",2015-05-05,153.5,0.01,114300,15170,104.6,6827,35590,2.593,0.577,26.62,95.04,0.154,0.913,1.833,2.856,3.669,3.436,554.8,1.144,-0.042,0.04,0.128,90.22,0.02,0.252,1.08
"Roos2A","Roosevelt Lake, lower","srp","Roosevelt, eppi, lower",2015-05-05,147.8,-0.003,115500,14770,10.88,6640,34700,2.912,0.579,1.653,10.02,0.1,0.758,1.068,2.119,3.795,2.126,541.1,1.153,-0.043,0.08,0.132,87.51,0.018,0.015,1.093
"Roos2B","Roosevelt Lake, lower","srp","Roosevelt, hypo, lower",2015-05-05,171.9,0,117200,16060,38.09,7302,36440,2.186,0.525,10.23,38.72,0.107,0.842,1.253,2.451,3.745,0.603,588.8,1.259,-0.042,0.062,0.138,97.82,0.016,0.041,1.176
"APA1A","Apache Lake, upper","srp","Apache, eppi, upper",2015-08-05,155.5,0.005,256300,12030,11.54,7904,34800,2.294,1.561,7.541,19.2,0.097,0.804,1.516,2.484,5.745,1.988,348,1.944,-0.047,0.034,0.173,83.08,0.052,0.05,1.756
"APA1B","Apache Lake, upper","srp","Apache, hypo, upper",2015-08-05,158.8,0.001,265000,12070,37.46,8172,41500,2.002,2.096,50.14,32.48,0.125,0.985,3.238,6.575,5.159,1.992,371.8,1.641,-0.047,0.119,0.163,77.43,0.04,0.117,1.67
"APA2A","Apache Lake, lower","srp","Apache, eppi, lower",2015-08-05,161.8,-0.002,269100,12150,4.364,8095,37930,4.19,1.568,3.379,18.78,0.089,0.838,1.343,2.061,4.864,2.277,369.8,1.468,-0.047,0.022,0.167,90.53,0.038,0.048,1.769
"APA2B","Apache Lake, lower","srp","Apache, hypo, lower",2015-08-05,156.5,0.003,261000,12130,3.572,7943,41010,1.903,1.674,29.39,12.66,0.097,0.866,1.717,2.405,3.675,0.815,374.9,1.683,-0.044,0.043,0.156,67.86,0.037,0.034,1.706
"Can1A","Canyon Lake, upper","srp","Canyon, eppi, upper",2015-08-05,142.2,0.008,231400,11160,0.757,7009,38700,2.017,1.796,19.21,8.055,0.088,0.781,1.458,3.194,4.276,1.169,332,2.113,-0.045,0.054,0.158,87.15,0.091,0.049,1.598
"Can1B","Canyon Lake, upper","srp","Canyon, hypo, upper",2015-08-05,141.7,0.009,234000,11280,13.81,7506,38860,2.054,1.927,42.23,22.95,0.1,1.041,40.16,9.415,4.334,1.478,339.4,2.026,-0.046,0.197,0.164,87.12,0.075,0.161,1.606
"Can2A","Canyon Lake, lower","srp","Canyon, eppi, lower",2015-08-05,144,0.006,237100,11360,-0.559,7320,39500,1.922,1.541,35.92,11.56,0.084,0.79,1.074,4.227,4.488,2.431,341.6,1.957,-0.047,0.032,0.151,86.66,0.061,0.041,1.625
"Can2B","Canyon Lake, lower","srp","Canyon, hypo, lower",2015-08-05,144.5,0.01,238700,11420,3.884,7456,39960,2.032,1.967,41.65,14.5,0.09,0.908,1.537,3.683,4.223,2.033,343.3,1.888,-0.047,0.075,0.163,88.2,0.053,0.065,1.641
"R10","Salt River below Saguaro (Blue Point Bridge)","salt","salt blw saguaro",2015-08-05,139.5,0.018,223400,10950,-3.141,6700,38370,1.88,1.585,57.69,9.379,0.086,0.674,1.131,-0.12,4.512,0.784,319,2.411,-0.044,-0.001,0.144,80.87,0.161,0.081,1.481
"R25","verde river at beeline highway","verde","verde @ beeline",2015-08-05,18.35,0.028,24030,13870,145.2,2597,30490,5.624,2.449,30.29,116.2,0.236,1.173,1.62,0.094,12.04,1.241,308.1,2.681,-0.045,0.005,0.125,32.44,0.102,0.49,1.648
"R3","Waddell Canal","cap","waddell canal",2015-08-05,36.71,0.041,77990,15890,1.953,4684,52390,2.475,1.35,17.09,3.966,0.133,1.174,1.863,-0.009,2.844,1.658,564.2,5.592,-0.039,0.013,0.316,66.76,0.258,0.031,4.327
"Roos1A","Roosevelt Lake, upper","srp","Roosevelt, eppi, upper",2015-08-05,166.1,-0.002,276400,11960,19.79,8312,38130,4.697,1.328,8.621,30.8,0.116,0.863,1.766,2.423,5.151,1.622,367.7,1.309,-0.047,0.023,0.16,87.83,0.03,0.082,1.638
"Roos1B","Roosevelt Lake, upper","srp","Roosevelt, hypo, upper",2015-08-05,168.4,0.017,278900,11870,159.5,8554,40210,4.643,1.799,53.94,135.4,0.2,1.151,2.903,4.002,5.952,2.526,435.8,1.442,-0.045,0.037,0.189,85.81,0.036,0.348,1.892
"Roos2A","Roosevelt Lake, lower","srp","Roosevelt, eppi, lower",2015-08-05,159.9,0,265100,12450,3.361,8113,36330,2.233,1.434,2.72,9.374,0.077,0.723,1.261,1.271,5.422,3.108,361.1,1.869,-0.048,0.014,0.164,85.47,0.034,0.045,1.838
"Roos2B","Roosevelt Lake, lower","srp","Roosevelt, hypo, lower",2015-08-05,156.3,0.005,263400,12030,14.96,7931,43770,2.113,1.776,118.6,59.2,0.196,0.908,0.938,2.154,4.589,3.237,380.2,1.366,-0.049,0.027,0.151,100.6,0.026,0.081,1.66
"APA1A","Apache Lake, upper","srp","Apache, eppi, upper",2015-11-04,175,0.007,246700,18260,NA,7493,46970,1.663,1.291,35.12,16.05,0.074,0.173,0.876,2.826,5.79,2.532,642.1,1.628,0,0.098,0.117,94.73,NA,0.009,1.222
"APA1B","Apache Lake, upper","srp","Apache, hypo, upper",2015-11-04,170.4,0.005,241600,17660,NA,7311,49850,1.644,2.957,443.1,157.3,0.164,0.376,3.402,2.765,7.354,1.604,639.8,1.277,0.001,0.365,0.104,108.2,NA,0.059,1.048
"APA2A","Apache Lake, lower","srp","Apache, eppi, lower",2015-11-04,174.5,-0.003,246000,18270,NA,7463,47210,1.785,1.434,38.26,11.48,0.086,1.552,0.96,0.963,5.12,3.606,643.7,1.637,-0.001,0.042,0.118,96.16,NA,0.003,1.278
"APA2B","Apache Lake, lower","srp","Apache, hypo, lower",2015-11-04,174.3,-0.001,246000,18070,NA,7400,50460,1.374,1.422,212.6,45.88,0.108,0.245,1.24,1.818,5.972,3.724,650,1.366,-0.002,0.031,0.106,106.4,NA,0.016,1.174
"Can1A","Canyon Lake, upper","srp","Canyon, eppi, upper",2015-11-04,172.2,0.005,244600,18120,NA,7320,48540,1.997,2.444,34.87,21.96,0.063,0.227,1.308,3.359,4.99,2.34,619.8,1.62,0,0.104,0.126,96.59,NA,0.078,1.221
"Can1B","Canyon Lake, upper","srp","Canyon, hypo, upper",2015-11-04,167.1,0.001,236900,17640,NA,7210,47320,1.947,2.929,33.95,23,0.075,0.904,1.438,4.955,5.144,1.666,608.2,1.641,-0.001,0.176,0.112,94.18,NA,0.028,1.161
"Can2A","Canyon Lake, lower","srp","Canyon, eppi, lower",2015-11-04,169.7,0.004,240100,17930,NA,7295,47490,1.681,1.487,39.78,17.92,0.056,0.23,1.363,2.828,5.478,2.838,622.1,1.622,0,0.071,0.119,96.55,NA,0.137,1.205
"Can2B","Canyon Lake, lower","srp","Canyon, hypo, lower",2015-11-04,169.8,0.002,239900,17960,NA,7379,47700,1.68,1.52,37.45,24.75,0.065,0.321,1.154,4.253,5.354,3.365,622.7,1.65,0.003,0.141,0.117,96.81,NA,0.043,1.193
"Hav","Havasu Lake",NA,"Havasu",2015-11-04,36.52,-0.051,79680,23320,NA,4599,54080,2.517,1.278,4.855,16.98,0.101,0.955,1.787,-1.21,2.433,3.383,1216,4.326,-0.037,-0.029,0.257,168.7,NA,0.083,5.675
"R10","Salt River below Saguaro (Blue Point Bridge)","salt","salt blw saguaro",2015-11-04,167.8,0.002,243500,19690,NA,7476,54220,1.711,1.183,176.4,32.65,0.109,0.431,1.683,1.866,4.93,1.42,626.9,1.974,0,0.01,0.097,82.97,NA,0.113,1.326
"R25","verde river at beeline highway","verde","verde @ beeline",2015-11-04,22.2,0.042,26600,24640,NA,3005,41280,5.735,1.781,70.52,282.6,0.446,1.108,1.514,0.657,13.96,-0.185,611.2,1.811,-0.001,0.012,0.062,52.8,NA,1.101,1.159
"R2A","Lake Pleasant integrated sample","cap","pleasant-epi",2015-11-04,36.61,-0.049,79780,24740,NA,5017,51250,2.833,1.307,6.966,3.407,0.077,0.883,1.027,-1.42,3.908,2.466,1192,4.452,-0.038,-0.027,0.302,152,NA,-0.011,5.52
"R3","Waddell Canal","cap","waddell canal",2015-11-04,43.74,0.047,85170,25720,NA,4919,104600,4.328,1.463,119,352.4,0.569,1.908,2.428,2.136,4.34,2.476,1245,4.218,0.004,0.019,0.234,172.3,NA,2.073,3.605
"Roos1A","Roosevelt Lake, upper","srp","Roosevelt, eppi, upper",2015-11-04,183.7,0.009,256000,17860,NA,7719,48710,4.781,1.405,13.55,66.63,0.126,0.362,1.828,1.026,5.974,2.515,649.3,1.293,-0.001,0.02,0.132,99.7,NA,0.148,1.253
"Roos1B","Roosevelt Lake, upper","srp","Roosevelt, hypo, upper",2015-11-04,184.5,0.017,256300,17830,NA,7703,49520,4.97,1.263,15.97,96.36,0.158,0.3,1.417,1.202,5.745,1.654,648.3,1.246,-0.001,0.027,0.131,99.56,NA,0.229,1.257
"Roos2A","Roosevelt Lake, lower","srp","Roosevelt, eppi, lower",2015-11-04,183.9,0.003,255000,18040,NA,7686,48790,4.366,1.148,19.76,15.03,0.082,0.089,0.599,-1.017,5.554,1.656,650.2,1.322,-0.002,-0.004,0.135,99.69,NA,0.021,1.271
"Roos2B","Roosevelt Lake, lower","srp","Roosevelt, hypo, lower",2015-11-04,NA,NA,NA,NA,NA,NA,NA,NA,NA,NA,NA,NA,NA,NA,NA,NA,NA,NA,NA,NA,NA,NA,NA,NA,NA,NA
"APA1A","Apache Lake, upper","srp","Apache, eppi, upper",2016-02-01,156.1,-0.045,224700,17160,NA,7002,38480,1.681,1.905,11.26,24.95,0.061,0.445,2.516,0.791,5.162,2.346,674.1,1.583,-0.033,0.009,0.116,129.6,NA,0.049,2.022
"APA1B","Apache Lake, upper","srp","Apache, hypo, upper",2016-02-01,154.1,-0.042,223500,17070,NA,7021,38490,1.685,2.024,11.2,29.5,0.057,0.443,1.517,0.928,5.149,2.613,678.7,1.561,-0.033,0.016,0.111,130.1,NA,0.032,2.017
"APA2A","Apache Lake, lower","srp","Apache, eppi, lower",2016-02-01,153.3,-0.042,223600,17080,NA,7024,38490,1.654,1.921,13.28,20.68,0.047,0.388,0.862,0.608,5.159,2.992,683.1,1.556,-0.033,-0.003,0.11,129.8,NA,0.006,2.01
"APA2B","Apache Lake, lower","srp","Apache, hypo, lower",2016-02-01,151.1,-0.049,222800,16960,NA,7004,38000,1.575,1.804,14.05,27.69,0.052,0.389,0.74,1.422,4.795,2.609,680.9,1.565,-0.035,-0.005,0.102,129.9,NA,0.002,1.99
"Can1A","Canyon Lake, upper","srp","Canyon, eppi, upper",2016-02-01,150.5,-0.014,211300,15760,NA,6372,32370,1.978,1.684,11.89,34.98,0.076,0.441,2.098,2.074,4.639,2.797,566.5,1.767,0.017,0.048,0.179,104.7,NA,0.186,1.947
"Can1B","Canyon Lake, upper","srp","Canyon, hypo, upper",2016-02-01,145.1,-0.036,208500,15710,NA,6527,33110,1.868,1.742,10.66,26.85,0.048,0.496,2.753,3.401,4.597,2.944,578.1,1.619,0.006,0.043,0.127,106.1,NA,0.079,1.827
"Can2A","Canyon Lake, lower","srp","Canyon, eppi, lower",2016-02-01,144.3,-0.04,209000,15850,NA,6487,33630,1.904,1.947,9.203,25.69,0.044,0.368,3.587,1.774,4.765,2.589,591.8,1.566,-0.03,0,0.118,108.6,NA,0.051,1.876
"Can2B","Canyon Lake, lower","srp","Canyon, hypo, lower",2016-02-01,139.5,-0.04,204400,15520,NA,6496,33870,1.746,1.509,8.538,23.47,0.041,0.329,1.464,0.791,4.588,3.298,588.6,1.516,-0.026,0.033,0.126,107.3,NA,0.053,1.824
"Hav","Havasu Lake",NA,"Havasu",2016-02-01,33.11,-0.02,75240,21460,NA,4139,57400,2.607,2.991,3.592,15.22,0.144,1.243,1.185,-1.207,2.147,3.099,955.2,4.247,-0.001,-0.012,0.251,110.1,NA,0.157,3.777
"R10","Salt River below Saguaro (Blue Point Bridge)","salt","salt blw saguaro",2016-02-01,140.6,-0.005,190600,17180,NA,6087,41150,2.53,2.327,17.28,27.67,0.106,0.599,4.217,-1.172,3.771,2.687,521.9,2.391,0.013,-0.007,0.179,69.16,NA,0.361,1.635
"R25","verde river at beeline highway","verde","verde @ beeline",2016-02-01,23.12,-0.035,30550,26560,NA,3018,29360,4.818,2.308,28.37,84.17,0.155,0.776,3.859,-1.241,10.88,1.404,724.4,2.533,-0.037,-0.029,0.106,53.52,NA,0.553,2.607
"R2A","Lake Pleasant integrated sample","cap","pleasant-epi",2016-02-01,36.18,-0.024,79010,23480,NA,4576,55390,2.791,2.48,2.871,3.561,0.116,1.175,2.778,-0.345,3.308,2.633,955.3,4.427,0,-0.013,0.302,102.6,NA,0.05,3.812
"R3","Waddell Canal","cap","waddell canal",2016-02-01,36.14,-0.049,79020,23080,NA,4546,54700,2.462,1.264,3.471,16.68,0.101,1.007,1.442,-0.699,2.295,3.858,1212,4.418,-0.037,-0.025,0.251,165.5,NA,0.079,5.798
"Roos1A","Roosevelt Lake, upper","srp","Roosevelt, eppi, upper",2016-02-01,140.3,-0.014,211500,15740,NA,6531,38130,4.299,2.073,20.6,282.8,0.276,0.867,2.824,2.351,4.795,3.488,632.2,1.031,-0.031,0.01,0.107,116.7,NA,0.639,1.837
"Roos1B","Roosevelt Lake, upper","srp","Roosevelt, hypo, upper",2016-02-01,139.8,-0.028,211900,15650,NA,6517,37380,3.925,2.002,14.76,162.4,0.162,0.646,2.002,1.815,4.522,2.727,631.2,1.033,-0.025,0.033,0.109,114,NA,0.295,1.795
"Roos2A","Roosevelt Lake, lower","srp","Roosevelt, eppi, lower",2016-02-01,143.4,-0.037,217500,15920,NA,6745,37080,3.654,1.882,47.92,97.7,0.116,0.571,1.246,1.56,4.87,2.242,648.3,1.132,-0.032,-0.008,0.123,122.8,NA,0.125,1.89
"Roos2B","Roosevelt Lake, lower","srp","Roosevelt, hypo, lower",2016-02-01,144,-0.04,218900,15980,NA,6819,37260,3.736,1.642,49.16,95.95,0.115,0.557,1.356,1.333,4.777,3.223,650.7,1.158,-0.031,0.028,0.123,123.4,NA,0.116,1.886
"APA1A","Apache Lake, upper","srp","Apache, eppi, upper",2016-05-02,127.7,-0.027,163100,15800,NA,6569,40360,3.07,2.383,4.437,9.602,0.071,0.694,1.44,18.35,4.835,2.606,557.8,1.426,-0.006,0.156,0.108,84.41,NA,0.042,1.363
"APA1B","Apache Lake, upper","srp","Apache, hypo, upper",2016-05-02,122.5,-0.022,164400,15130,NA,6288,39520,3.549,2.37,9.464,23.82,0.081,0.72,1.258,8.732,4.649,2.45,541,1.24,-0.003,0.012,0.112,82.7,NA,0.217,1.277
"APA2A","Apache Lake, lower","srp","Apache, eppi, lower",2016-05-02,125.2,-0.028,164000,15590,NA,6428,40310,3.214,3.42,3.494,4.771,0.06,0.602,0.961,1.857,4.869,2.689,558.1,1.41,-0.007,-0.005,0.098,82.84,NA,0.002,1.331
"APA2B","Apache Lake, lower","srp","Apache, hypo, lower",2016-05-02,126.5,-0.026,166000,15890,NA,6709,41940,3.297,3.493,5.767,10.13,0.072,0.714,4.578,12.19,4.983,3.059,566.6,1.443,-0.007,0.721,0.138,83.52,NA,0.125,1.344
"Can1A","Canyon Lake, upper","srp","Canyon, eppi, upper",2016-05-02,117.9,-0.027,165200,14880,NA,6061,36130,2.785,2.12,6.459,6.985,0.059,0.598,12.96,-0.957,4.58,2.359,504.7,1.408,-0.006,-0.021,0.114,71.67,NA,1.821,1.24
"Can1B","Canyon Lake, upper","srp","Canyon, hypo, upper",2016-05-02,NA,NA,NA,NA,NA,NA,NA,NA,NA,NA,NA,NA,NA,NA,NA,NA,NA,NA,NA,NA,NA,NA,NA,NA,NA,NA
"Can2A","Canyon Lake, lower","srp","Canyon, eppi, lower",2016-05-02,NA,NA,NA,NA,NA,NA,NA,NA,NA,NA,NA,NA,NA,NA,NA,NA,NA,NA,NA,NA,NA,NA,NA,NA,NA,NA
"Can2B","Canyon Lake, lower","srp","Canyon, hypo, lower",2016-05-02,NA,NA,NA,NA,NA,NA,NA,NA,NA,NA,NA,NA,NA,NA,NA,NA,NA,NA,NA,NA,NA,NA,NA,NA,NA,NA
"Hav","Havasu Lake",NA,"Havasu",2016-05-02,30.33,-0.023,72260,21010,NA,4098,61530,2.504,2.851,5.12,21.18,0.14,1.311,3.779,37.27,2.189,3.133,969.6,3.977,-0.007,-0.015,0.294,108.8,NA,0.231,3.665
"R10","Salt River below Saguaro (Blue Point Bridge)","salt","salt blw saguaro",2016-05-02,124.4,-0.025,165200,15250,NA,6153,38350,3.112,3.624,28.49,22.74,0.066,0.557,1.083,-1.39,5.153,2.201,509,1.497,-0.004,-0.017,0.106,74.4,NA,0.056,1.219
"R25","verde river at beeline highway","verde","verde @ beeline",2016-05-02,18.94,-0.01,28450,23500,NA,2663,32930,4.814,5.337,62.49,277,0.307,1.165,2.777,0.303,12.59,1.788,521.6,2.021,-0.007,-0.01,0.129,37.41,NA,1.287,1.524
"R2A","Lake Pleasant integrated sample","cap","pleasant-epi",2016-05-02,32.58,-0.028,75550,22980,NA,4487,55010,2.778,3.107,2.999,6.23,0.107,1.23,1.287,0.478,3.172,2.841,968.2,4.052,-0.006,-0.016,0.335,101.1,NA,0.054,3.707
"R3","Waddell Canal","cap","waddell canal",2016-05-02,32.4,-0.024,74330,21340,NA,4173,57060,2.64,3.075,5.053,23.25,0.159,1.392,4.375,1.011,2.245,2.669,947.8,4.182,-0.003,-0.009,0.264,108.2,NA,0.271,3.65
"Roos1A","Roosevelt Lake, upper","srp","Roosevelt, eppi, upper",2016-05-02,101.7,-0.027,162100,12590,NA,5249,36380,4.156,2.821,9.204,36.75,0.097,0.541,1.149,8.767,4.07,2.254,456.9,0.788,-0.008,-0.012,0.067,60.56,NA,0.074,0.985
"Roos1B","Roosevelt Lake, upper","srp","Roosevelt, hypo, upper",2016-05-02,101.6,-0.024,162100,12530,NA,5488,36660,4.192,3.244,8.895,59.32,0.102,0.658,1.734,22.19,3.76,2.373,458.7,0.777,-0.006,0.016,0.089,60.66,NA,0.173,0.992
"Roos2A","Roosevelt Lake, lower","srp","Roosevelt, eppi, lower",2016-05-02,106.7,-0.028,166600,13750,NA,5637,37070,4.281,3.31,1.976,22.73,0.085,0.646,12.14,39.35,4.154,2.439,490.9,0.966,0.012,0.098,0.094,72.25,NA,0.031,1.161
"Roos2B","Roosevelt Lake, lower","srp","Roosevelt, hypo, lower",2016-05-02,114,-0.026,167300,14300,NA,6040,39180,4.159,3.552,3.622,26.81,0.074,0.662,1.663,2.553,4.12,2.38,515.4,1.022,-0.005,0.132,0.093,76.68,NA,0.055,1.173
"APA1A","Apache Lake, upper","srp","Apache, eppi, upper",2016-08-01,170.9,0,54410,16260,NA,6861,33840,1.928,0.23,2.868,3.392,0.025,0.006,1.129,2.725,5.082,1.565,736.6,2.734,-0.052,0.015,0.208,123.7,NA,0.018,1.797
"APA1B","Apache Lake, upper","srp","Apache, hypo, upper",2016-08-01,167.2,0,55570,16140,NA,6909,38300,1.881,-0.033,9.343,5.251,0.009,0.06,1.451,4.709,4.197,0.417,771.2,2.565,-0.066,0.05,0.183,136.6,NA,0.042,1.759
"APA2A","Apache Lake, lower","srp","Apache, eppi, lower",2016-08-01,168.2,0,55540,16410,NA,6847,35660,1.983,-0.018,3.379,1.585,0.004,0.045,1.266,3.677,5.141,1.953,756.5,2.764,-0.06,0.012,0.2,125.8,NA,0.073,1.807
"APA2B","Apache Lake, lower","srp","Apache, hypo, lower",2016-08-01,168.8,0,54290,15880,NA,6742,38710,2.017,0.029,10.56,3.115,0.023,0.114,1.039,6.499,4.049,-0.203,761,2.551,-0.064,0.021,0.167,130.4,NA,0.022,1.747
"Can1A","Canyon Lake, upper","srp","Canyon, eppi, upper",2016-08-01,168.5,0,52810,15900,NA,6652,35550,1.876,-0.05,8.581,3.128,0.012,-0.001,0.972,4.434,5.267,0.012,737.8,2.711,-0.059,0.05,0.188,130.4,NA,0.016,1.744
"Can1B","Canyon Lake, upper","srp","Canyon, hypo, upper",2016-08-01,159.9,0,52740,15620,NA,6710,36830,1.677,0.035,55.18,10.47,0.025,0.31,2.542,18.71,4.768,0.319,741.8,2.712,-0.009,0.095,0.209,130,NA,0.193,1.723
"Can2A","Canyon Lake, lower","srp","Canyon, eppi, lower",2016-08-01,167.3,0,53420,15660,NA,6577,34580,1.754,-0.042,21.9,4.587,0.034,0.039,0.747,7.71,4.142,-0.573,723.6,2.559,-0.068,0.053,0.176,126.6,NA,0.023,1.7
"Can2B","Canyon Lake, lower","srp","Canyon, hypo, lower",2016-08-01,163.7,0.188,54040,15790,NA,6614,36410,1.799,0.057,32.03,10.46,0.023,0.055,0.983,5.649,4.055,2.267,728.2,2.314,-0.064,0.042,0.229,126.7,NA,0.048,1.725
"Hav","Havasu Lake",NA,"Havasu",2016-08-01,41.47,0.176,83280,22910,NA,4416,54620,1.916,-0.07,4.838,5.732,0.014,0.279,0.381,-1.139,2.533,0.995,1331,7.389,-0.065,-0.006,0.315,174.8,NA,0.041,4.63
"R10","Salt River below Saguaro (Blue Point Bridge)","salt","salt blw saguaro",2016-08-01,NA,NA,NA,NA,NA,NA,NA,NA,NA,NA,NA,NA,NA,NA,NA,NA,NA,NA,NA,NA,NA,NA,NA,NA,NA,NA
"R25","verde river at beeline highway","verde","verde @ beeline",2016-08-01,22.96,0,32310,27450,NA,2585,27940,3.84,-0.048,63.48,68.56,0.058,0.383,0.364,-0.979,12.2,0.125,731.1,3.78,-0.073,-0.012,0.216,49.42,NA,0.232,1.941
"R2A","Lake Pleasant integrated sample","cap","pleasant-epi",2016-08-01,42.22,0,88950,25950,NA,4854,51870,1.97,-0.083,7.23,1.256,0.023,0.342,0.42,0.226,3.406,-0.348,1363,7.58,-0.077,-0.02,0.382,165.7,NA,-0.013,5.032
"R3","Waddell Canal","cap","waddell canal",2016-08-01,41.3,0,87460,25570,NA,4777,52130,2.546,-0.069,8.369,6.003,0.035,0.317,0.595,-0.772,2.557,0.38,1380,8.292,-0.075,-0.012,0.385,168.5,NA,0.052,5.1
"Roos1A","Roosevelt Lake, upper","srp","Roosevelt, eppi, upper",2016-08-01,181.3,0,53520,15500,NA,7146,31770,4.194,-0.045,11.18,19.8,0.041,-0.031,0.761,2.793,6.184,1.571,741.9,2.101,-0.066,0.018,0.142,103,NA,0.097,1.677
"Roos1B","Roosevelt Lake, upper","srp","Roosevelt, hypo, upper",2016-08-01,182.2,0,52190,15350,NA,7149,32290,4.367,-0.041,17.06,39.95,0.069,0.016,1.086,2.734,5.382,3.018,735.7,2.075,-0.075,0.013,0.215,110.6,NA,0.23,1.672
"Roos2A","Roosevelt Lake, lower","srp","Roosevelt, eppi, lower",2016-08-01,151.6,0,52680,14700,NA,6182,31030,3.705,-0.041,3.905,3.6,0.024,-0.056,0.668,5.207,5.692,0.923,675.5,1.917,-0.074,0.026,0.167,108.2,NA,0.016,1.615
"Roos2B","Roosevelt Lake, lower","srp","Roosevelt, hypo, lower",2016-08-01,152.5,0,52070,14930,NA,6154,37640,1.994,-0.058,39.89,13.2,0.018,0.079,0.608,3.061,3.974,0.923,740.1,1.764,-0.076,0.025,0.143,131.8,NA,0.033,1.626
"APA1A","Apache Lake, upper","srp","Apache, eppi, upper",2016-11-07,150.8,0.17,51670,15390,NA,6496,37090,1.358,0.006,13.04,7.69,0.019,-0.082,0.62,4.325,4.422,2.707,751,2.444,-0.073,0.01,0.141,130.6,NA,0.036,1.583
"APA1B","Apache Lake, upper","srp","Apache, hypo, upper",2016-11-07,158.1,0,51950,15650,NA,6925,37070,1.091,0.135,37.81,12.23,0.029,0.352,2.147,13.65,4.69,0.884,763.5,2.11,-0.069,0.136,0.238,136.4,NA,0.168,1.622
"APA2A","Apache Lake, lower","srp","Apache, eppi, lower",2016-11-07,159.5,0,51580,15390,NA,6523,36750,1.327,-0.055,21.7,3.967,0.02,-0.101,0.383,2.458,5.076,-0.281,750.5,2.288,-0.082,0.021,0.117,131.5,NA,-0.002,1.623
"APA2B","Apache Lake, lower","srp","Apache, hypo, lower",2016-11-07,150.1,0,51240,15330,NA,6505,36190,1.268,0.03,28.3,5.497,0.013,0.049,0.985,4.749,4.523,0.518,742.1,2.222,-0.084,0.038,0.169,128.9,NA,0.039,1.607
"Can1A","Canyon Lake, upper","srp","Canyon, eppi, upper",2016-11-07,158.1,0,52770,15670,NA,6745,36430,1.488,0.013,17.16,5.652,0.021,0.291,1.486,9.535,5.251,-0.271,753,2.399,-0.078,0.002,0.168,127.8,NA,0.055,1.602
"Can1B","Canyon Lake, upper","srp","Canyon, hypo, upper",2016-11-07,170.5,0,53170,16040,NA,7621,37800,1.584,0.108,15.42,14.15,0.041,0.494,5.128,32.19,5.421,1.512,759,2.53,-0.069,0.132,0.17,128.7,NA,0.206,1.605
"Can2A","Canyon Lake, lower","srp","Canyon, eppi, lower",2016-11-07,163,0.178,52670,15650,NA,6715,35810,1.599,0.021,24.46,6.573,0.025,0.102,1.161,6.451,4.659,-0.252,749.2,2.649,-0.077,0.046,0.176,126.6,NA,0.079,1.627
"Can2B","Canyon Lake, lower","srp","Canyon, hypo, lower",2016-11-07,158.1,0,52640,15970,NA,6970,36120,1.487,0.21,26.41,18.62,0.03,0.356,2.274,17.56,5.3,1.858,751.1,2.825,-0.057,0.128,0.225,130.3,NA,0.261,1.636
"Hav","Havasu Lake",NA,"Havasu",2016-11-07,36.85,0,81170,22530,NA,4277,54900,2.269,-0.063,4.328,10.12,0.041,0.307,0.317,-0.966,2.158,2.307,1374,7.387,-0.085,-0.018,0.338,178.2,NA,0.129,4.974
"R10","Salt River below Saguaro (Blue Point Bridge)","salt","salt blw saguaro",2016-11-07,145.2,0,48020,16050,NA,6709,36790,1.445,-0.041,34.49,5.616,0.014,-0.057,0.33,-1.129,3.786,4.498,753.8,2.695,-0.074,-0.012,0.158,109.3,NA,-0.021,1.682
"R25","verde river at beeline highway","verde","verde @ beeline",2016-11-07,27.92,0,34940,28840,NA,3072,29310,4.626,0.022,47.19,62.81,0.126,0.409,0.701,0.636,17.28,-0.448,913.2,4.135,-0.079,0.032,0.158,70.34,NA,0.553,2.031
"R2A","Lake Pleasant integrated sample","cap","pleasant-epi",2016-11-07,37.19,0.177,86830,24890,NA,4805,52350,2.484,-0.087,3.163,5.639,0.031,0.395,0.442,-0.154,2.858,2.652,1428,7.707,-0.085,-0.012,0.419,173.6,NA,0.051,5.118
"R3","Waddell Canal","cap","waddell canal",2016-11-07,37.68,0,81820,22730,NA,4383,54970,2.357,-0.063,3.627,7.266,0.026,0.232,0.398,-0.838,2.186,-0.366,1372,7.416,-0.087,-0.018,0.362,179.3,NA,0.089,4.821
"Roos1A","Roosevelt Lake, upper","srp","Roosevelt, eppi, upper",2016-11-07,168.2,0,51200,15630,NA,7243,36700,4.329,-0.05,15.75,29.5,0.059,-0.053,2.159,1.047,6.112,2.016,769.8,2.205,-0.08,-0.002,0.181,136.7,NA,0.175,1.821
"Roos1B","Roosevelt Lake, upper","srp","Roosevelt, hypo, upper",2016-11-07,169.9,0,51840,16020,NA,7413,37340,4.666,-0.037,14.71,31.98,0.079,0.031,1.242,7.303,5.414,1.437,783,2.267,-0.078,0.001,0.202,138,NA,0.204,1.815
"Roos2A","Roosevelt Lake, lower","srp","Roosevelt, eppi, lower",2016-11-07,162.3,0,50940,15300,NA,6960,35430,3.871,0.022,17.73,14.2,0.044,0.124,1.025,6.593,5.489,-0.294,756.3,2.351,-0.077,0.021,0.227,131.6,NA,0.149,1.764
"Roos2B","Roosevelt Lake, lower","srp","Roosevelt, hypo, lower",2016-11-07,155.3,0.344,49680,15090,NA,6771,36440,3.784,-0.033,39.34,23.15,0.053,0.155,0.945,4.875,5.512,2.219,744.6,2.2,-0.083,0.02,0.178,128.7,NA,0.181,1.746
"APA1A","Apache Lake, upper","srp","Apache, eppi, upper",2017-02-08,152.1,0.178,51900,15570,NA,6646,37770,1.587,0.032,10.4,8.247,0.02,-0.069,0.714,5.164,4.188,1.67,744.8,2.224,-0.078,0.019,0.176,130,NA,0.047,1.641
"APA1B","Apache Lake, upper","srp","Apache, hypo, upper",2017-02-08,144.2,0,50390,15260,NA,6546,37690,1.498,-0.016,11.93,17.51,0.027,0.037,0.729,11.9,4.712,-0.325,748.7,2.38,-0.084,0.002,0.13,132.1,NA,0.109,1.671
"APA2A","Apache Lake, lower","srp","Apache, eppi, lower",2017-02-08,148.8,0,50190,14920,NA,6249,35500,1.713,-0.055,13.5,7.769,0.011,-0.123,0.508,10.75,4.427,0.546,718.1,2.281,-0.081,-0.012,0.127,124.1,NA,0.038,1.65
"APA2B","Apache Lake, lower","srp","Apache, hypo, lower",2017-02-08,150.3,0,50390,15250,NA,6534,38070,1.597,0.038,17.41,14.34,0.032,0.233,1.539,6.964,4.086,-0.063,758.7,2.377,-0.082,0.143,0.145,131.7,NA,0.11,1.639
"Can1A","Canyon Lake, upper","srp","Canyon, eppi, upper",2017-02-08,130.5,0.176,49680,14020,NA,6063,31830,1.526,0.041,11.96,22.94,0.033,0.159,1.384,23.11,4.51,0.734,650.8,2.22,-0.071,0.041,0.227,109.5,NA,0.139,1.434
"Can1B","Canyon Lake, upper","srp","Canyon, hypo, upper",2017-02-08,134.4,0,49720,14180,NA,6533,33400,1.655,0.228,15.37,39.38,0.07,0.713,3.88,83.33,5.257,3.069,671.2,2.191,-0.076,0.103,0.188,111.6,NA,0.339,1.447
"Can2A","Canyon Lake, lower","srp","Canyon, eppi, lower",2017-02-08,144.2,0,52340,14750,NA,6277,32580,1.464,-0.048,13.45,10.96,0.045,-0.038,0.932,5.117,4.428,0.471,669.9,2.312,-0.076,-0.006,0.193,109.9,NA,0.091,1.496
"Can2B","Canyon Lake, lower","srp","Canyon, hypo, lower",2017-02-08,144.5,0,51720,14530,NA,6169,32080,1.431,-0.023,15.92,15.72,0.028,0.008,1.448,21,4.744,2.511,670.7,2.361,-0.081,0.02,0.13,111.1,NA,0.107,1.547
"Hav","Havasu Lake",NA,"Havasu",2017-02-08,NA,NA,NA,NA,NA,NA,NA,NA,NA,NA,NA,NA,NA,NA,NA,NA,NA,NA,NA,NA,NA,NA,NA,NA,NA,NA
"R10","Salt River below Saguaro (Blue Point Bridge)","salt","salt blw saguaro",2017-02-08,NA,NA,NA,NA,NA,NA,NA,NA,NA,NA,NA,NA,NA,NA,NA,NA,NA,NA,NA,NA,NA,NA,NA,NA,NA,NA
"R25","verde river at beeline highway","verde","verde @ beeline",2017-02-08,24.08,0,30600,25600,NA,2582,30200,5.164,0.164,49.41,76.04,0.191,0.486,1.24,1.538,11.21,0.466,823.4,3.951,-0.088,0.003,0.161,60.84,NA,0.644,2.157
"R2A","Lake Pleasant integrated sample","cap","pleasant-epi",2017-02-08,NA,NA,NA,NA,NA,NA,NA,NA,NA,NA,NA,NA,NA,NA,NA,NA,NA,NA,NA,NA,NA,NA,NA,NA,NA,NA
"R3","Waddell Canal","cap","waddell canal",2017-02-08,37.07,0,84170,24240,NA,4731,53810,2.545,-0.087,5.176,6.797,0.035,0.31,0.596,-0.117,3.014,1.563,1402,7.352,-0.087,-0.026,0.387,167.6,NA,0.047,5.058
"Roos1A","Roosevelt Lake, upper","srp","Roosevelt, eppi, upper",2017-02-08,71.13,0.186,110300,9962,NA,4228,27040,5.244,0.931,41.99,503.2,0.515,1.268,5.26,13.58,3.576,0.791,385.9,1.386,-0.082,0.036,0.24,81.09,NA,1.885,1.022
"Roos1B","Roosevelt Lake, upper","srp","Roosevelt, hypo, upper",2017-02-08,115.7,0,53330,13280,NA,5590,33200,4.013,0.278,19.02,195.1,0.187,0.527,2.481,9.91,4.163,0.025,593.2,1.854,-0.08,0.038,0.228,109.5,NA,0.761,1.447
"Roos2A","Roosevelt Lake, lower","srp","Roosevelt, eppi, lower",2017-02-08,129.8,0,51500,13780,NA,5889,33720,3.247,0.038,15.64,57.67,0.081,0.171,1.262,7.551,4.595,-0.305,645.5,1.831,-0.084,-0.009,0.216,120.4,NA,0.302,1.527
"Roos2B","Roosevelt Lake, lower","srp","Roosevelt, hypo, lower",2017-02-08,139.2,0,52290,14470,NA,6306,34790,3.414,0.153,31.94,72.35,0.087,0.298,1.416,16.5,4.72,1.125,674.3,1.946,-0.078,0.023,0.192,127,NA,0.298,1.567
"APA1A","Apache Lake, upper","srp","Apache, eppi, upper",2017-05-10,150.4,-0.025,231100,16570,NA,6822,37850,3.752,2.272,0.013,-1.916,0.028,-0.083,2.615,-1.189,6.901,1.546,590.2,1.428,0.511,-0.024,0.102,90.77,NA,-0.09,2.014
"APA1B","Apache Lake, upper","srp","Apache, hypo, upper",2017-05-10,NA,NA,NA,NA,NA,NA,NA,NA,NA,NA,NA,NA,NA,NA,NA,NA,NA,NA,NA,NA,NA,NA,NA,NA,NA,NA
"APA2A","Apache Lake, lower","srp","Apache, eppi, lower",2017-05-10,NA,NA,NA,NA,NA,NA,NA,NA,NA,NA,NA,NA,NA,NA,NA,NA,NA,NA,NA,NA,NA,NA,NA,NA,NA,NA
"APA2B","Apache Lake, lower","srp","Apache, hypo, lower",2017-05-10,NA,NA,NA,NA,NA,NA,NA,NA,NA,NA,NA,NA,NA,NA,NA,NA,NA,NA,NA,NA,NA,NA,NA,NA,NA,NA
"Can1A","Canyon Lake, upper","srp","Canyon, eppi, upper",2017-05-10,132,-0.035,205600,14680,NA,6171,34670,2.901,0.109,8.429,35.34,0.052,0.279,3.084,9.112,4.485,1.48,492.6,1.389,0.525,0.497,0.176,76.33,NA,0.055,1.283
"Can1B","Canyon Lake, upper","srp","Canyon, hypo, upper",2017-05-10,135.3,-0.028,214500,15330,NA,6350,36340,3.087,0.027,14.13,48.63,0.051,0.114,2.349,6.585,4.552,1.47,519.3,1.397,0.521,0.126,0.116,79.79,NA,0.011,1.319
"Can2A","Canyon Lake, lower","srp","Canyon, eppi, lower",2017-05-10,133.6,-0.031,209700,15010,NA,6268,35750,3.481,2.129,0.025,-1.782,0.025,-0.008,2.681,0.688,4.685,1.619,498.2,1.303,0.514,-0.005,0.099,74.15,NA,-0.089,0.601
"Can2B","Canyon Lake, lower","srp","Canyon, hypo, lower",2017-05-10,138.6,-0.023,217200,15570,NA,6440,36680,3.59,2.264,0.021,-1.896,0.026,-0.026,2.173,1.322,4.902,2.345,523,1.278,0.512,0.002,0.097,76.89,NA,-0.09,1.624
"Hav","Havasu Lake",NA,"Havasu",2017-05-10,NA,NA,NA,NA,NA,NA,NA,NA,NA,NA,NA,NA,NA,NA,NA,NA,NA,NA,NA,NA,NA,NA,NA,NA,NA,NA
"R10","Salt River below Saguaro (Blue Point Bridge)","salt","salt blw saguaro",2017-05-10,161.7,-0.033,248800,18760,NA,6957,40440,3.229,-0.049,58.95,20.09,0.066,0.139,1.717,1.771,3.999,2.196,611,1.838,0.522,-0.021,0.098,74.8,NA,-0.014,1.438
"R25","verde river at beeline highway","verde","verde @ beeline",2017-05-10,9.909,0.022,12440,12490,NA,1811,23480,4.335,0.912,54.5,807,0.551,1.827,1.837,4.556,7.034,0.868,324.6,0.979,0.525,-0.002,0.054,42.54,NA,1.226,0.795
"R2A","Lake Pleasant integrated sample","cap","pleasant-epi",2017-05-10,35.9,-0.037,83710,24310,NA,4861,55290,2.246,-0.176,3.086,11.09,0.082,0.607,0.107,3.286,2.089,2.42,1080,4.399,0.515,-0.012,0.28,120.9,NA,-0.005,4.122
"R3","Waddell Canal","cap","waddell canal",2017-05-10,37.47,-0.03,81720,22810,NA,4326,56860,1.959,0.014,4.058,55.33,0.13,0.881,0.527,1.774,2.264,3.194,1079,4.584,0.52,-0.015,0.281,129,NA,0.028,4.177
"Roos1A","Roosevelt Lake, upper","srp","Roosevelt, eppi, upper",2017-05-10,72.63,-0.032,119100,9726,NA,3741,21180,3.15,1.128,0.019,-1.403,0.036,-0.069,0.825,-1.099,2.977,0.863,293.7,0.648,0.511,-0.024,0.043,35.82,NA,-0.09,0.218
"Roos1B","Roosevelt Lake, upper","srp","Roosevelt, hypo, upper",2017-05-10,124.1,-0.028,199100,14200,NA,5924,25800,3.42,1.43,0.246,0.736,0.027,0,1.474,-0.824,3.415,1.295,438,1.013,0.511,-0.022,0.108,63.75,NA,-0.084,0.731
"Roos2A","Roosevelt Lake, lower","srp","Roosevelt, eppi, lower",2017-05-10,79.57,-0.033,131700,10690,NA,4148,31020,3.243,-0.045,2.513,48.64,0.076,0.247,0.986,8.802,3.199,1.217,355,0.854,0.518,0,0.072,62.01,NA,-0.007,0.905
"Roos2B","Roosevelt Lake, lower","srp","Roosevelt, hypo, lower",2017-05-10,127.1,-0.025,205100,14540,NA,6087,37940,3.789,0.043,8.996,83.24,0.082,0.338,1.105,9.856,4.094,1.602,504.4,1.101,0.52,0.002,0.108,87.65,NA,0.039,1.267
"APA1A","Apache Lake, upper","srp","Apache, eppi, upper",2017-08-09,136.2,-0.034,218300,15660,NA,6524,37760,3.405,0.01,7.836,44.23,0.054,0.649,0.778,8.544,4.705,1.596,548.3,1.368,0.521,0.004,0.137,88.59,NA,0.006,1.317
"APA1B","Apache Lake, upper","srp","Apache, hypo, upper",2017-08-09,136.9,-0.026,220000,15770,NA,6889,38870,3.419,0.068,18.13,65.61,0.077,0.347,2.695,14.43,4.888,1.971,551.6,1.407,0.522,0.023,0.277,89.57,NA,0.129,1.322
"APA2A","Apache Lake, lower","srp","Apache, eppi, lower",2017-08-09,138.8,-0.031,221000,15870,NA,6853,37480,3.474,-0.024,30.09,35.19,0.058,0.245,1.432,8.259,5.057,2.415,548.2,1.406,0.519,0.018,0.868,88.39,NA,0.032,1.326
"APA2B","Apache Lake, lower","srp","Apache, hypo, lower",2017-08-09,137.7,-0.03,219600,15790,NA,6508,38630,3.415,-0.095,43.81,23.49,0.043,0.081,0.237,21.48,4.643,2.098,546.9,1.346,0.516,-0.006,0.157,88.79,NA,-0.036,1.314
"Can1A","Canyon Lake, upper","srp","Canyon, eppi, upper",2017-08-09,130.2,-0.037,213400,15270,NA,6569,36710,3.179,0.007,85.6,32.16,0.052,0.248,4.539,11.36,5.046,2.351,526.4,1.365,0.524,0.01,0.226,84.45,NA,0.17,1.225
"Can1B","Canyon Lake, upper","srp","Canyon, hypo, upper",2017-08-09,131.9,-0.029,216400,15450,NA,6977,37520,3.409,0.217,144.1,63.62,0.075,0.525,7.504,18.24,5.033,3.083,535.5,1.417,0.525,0.047,0.231,88.42,NA,0.468,1.251
"Can2A","Canyon Lake, lower","srp","Canyon, eppi, lower",2017-08-09,132.4,-0.025,215400,15410,NA,6584,37310,3.314,-0.062,131.4,19.86,0.049,0.142,2.298,17.22,5.321,1.769,532.2,1.351,0.523,-0.003,0.129,86.37,NA,0.034,1.254
"Can2B","Canyon Lake, lower","srp","Canyon, hypo, lower",2017-08-09,132.1,-0.031,215300,15420,NA,6756,37810,3.378,-0.008,146.2,31.71,0.065,0.602,7.111,14.62,5.268,2.8,534.7,1.359,0.524,0.043,0.208,87.39,NA,0.144,1.253
"Hav","Havasu Lake",NA,"Havasu",2017-08-09,NA,NA,NA,NA,NA,NA,NA,NA,NA,NA,NA,NA,NA,NA,NA,NA,NA,NA,NA,NA,NA,NA,NA,NA,NA,NA
"R10","Salt River below Saguaro (Blue Point Bridge)","salt","salt blw saguaro",2017-08-09,133.5,-0.028,220500,15810,NA,6706,38100,2.948,0.031,77.01,102.1,0.125,0.143,1.28,2.947,5.141,2.444,546,1.371,0.523,-0.01,0.093,83.82,NA,0.201,1.237
"R25","verde river at beeline highway","verde","verde @ beeline",2017-08-09,12.68,-0.038,17360,15410,NA,2017,27770,3.149,0.01,26.64,90.91,0.132,0.473,-0.28,1.458,10.27,0.989,396,1.675,0.518,-0.02,0.044,40.67,NA,0.115,0.925
"R2A","Lake Pleasant integrated sample","cap","pleasant-epi",2017-08-09,35.83,-0.032,81760,24090,NA,4833,57180,1.811,1.865,1.078,-0.842,0.045,0.437,-0.795,-0.932,3.591,2.694,1117,4.351,0.51,-0.021,0.263,129.1,NA,-0.09,4.266
"R3","Waddell Canal","cap","waddell canal",2017-08-09,33.91,-0.039,81670,23730,NA,4748,56100,1.806,-0.214,41.6,9.391,0.077,0.603,0.304,1.623,2.49,2.067,1090,4.37,0.515,-0.017,0.258,120.2,NA,-0.066,4.053
"Roos1A","Roosevelt Lake, upper","srp","Roosevelt, eppi, upper",2017-08-09,95.58,-0.039,158300,11830,NA,5134,34750,4.235,-0.148,3.988,22.88,0.09,0.193,0.395,4.149,4.51,2.237,396.6,0.993,0.524,-0.009,0.136,59.77,NA,-0.012,0.929
"Roos1B","Roosevelt Lake, upper","srp","Roosevelt, hypo, upper",2017-08-09,96.09,-0.033,159300,12130,NA,5001,36230,3.11,0.056,103,161.1,0.221,0.354,1.391,15.72,3.97,2.157,424.1,0.918,0.518,0.006,0.144,78.26,NA,0.093,0.898
"Roos2A","Roosevelt Lake, lower","srp","Roosevelt, eppi, lower",2017-08-09,84.15,-0.043,138300,11100,NA,4526,32690,3.644,-0.146,1.775,16.66,0.057,0.114,0.276,16.42,4.194,1.767,374.4,0.917,0.517,-0.005,0.428,59.62,NA,-0.015,0.9
"Roos2B","Roosevelt Lake, lower","srp","Roosevelt, hypo, lower",2017-08-09,105.1,-0.03,172000,12760,NA,5434,36860,3.346,-0.099,45.13,75.83,0.115,0.423,2.169,22.84,4.005,2.117,445.4,1.044,0.52,0.02,1.064,79.6,NA,0.122,1.081
"APA1A","Apache Lake, upper","srp","Apache, eppi, upper",2017-11-07,135.1,-0.002,228900,14770,NA,6537,32180,4.076,1.466,7.984,14.39,0.114,3.003,1.124,-444,4.44,1.485,478.3,1.619,2.675,0.038,0.167,82.11,NA,0.024,1.131
"APA1B","Apache Lake, upper","srp","Apache, hypo, upper",2017-11-07,133.9,-0.005,226200,14560,NA,6735,33220,4.086,1.64,26.53,23.92,0.128,3.329,1.8,-175.8,4.431,1.254,476.7,1.554,2.679,0.074,0.235,85.98,NA,0.085,1.111
"APA2A","Apache Lake, lower","srp","Apache, eppi, lower",2017-11-07,139.5,0.004,234700,15190,NA,6656,32240,4.087,1.596,10.6,19.59,0.103,2.87,0.837,-466.6,4.569,0.866,488.5,1.575,2.675,0.018,0.157,83.3,NA,0.006,1.132
"APA2B","Apache Lake, lower","srp","Apache, hypo, lower",2017-11-07,136.2,-0.003,229000,14720,NA,6421,32740,4.098,1.525,25.61,29.62,0.11,2.761,0.876,-416.3,4.474,1.348,475,1.469,2.681,0.02,0.14,81.94,NA,0.014,1.107
"Can1A","Canyon Lake, upper","srp","Canyon, eppi, upper",2017-11-07,132.7,0.003,223000,14310,NA,6022,32950,3.681,1.454,10.39,9.281,0.101,2.734,1.208,-493,4.786,2.438,461.3,1.546,2.688,0.037,0.17,79.11,NA,0.016,1.098
"Can1B","Canyon Lake, upper","srp","Canyon, hypo, upper",2017-11-07,133,0.001,225800,14420,NA,6244,32530,3.852,1.388,27.21,9.14,0.11,3.03,0.933,-508.6,4.676,0.745,469.8,1.605,2.709,0.014,0.136,81.57,NA,0.002,1.133
"Can2A","Canyon Lake, lower","srp","Canyon, eppi, lower",2017-11-07,132.9,0,226500,14580,NA,6296,32740,3.962,1.545,9.465,7.477,0.103,2.907,1.544,-499.9,4.368,2.349,475.3,1.614,2.691,0.017,0.132,83.79,NA,-0.019,1.115
"Can2B","Canyon Lake, lower","srp","Canyon, hypo, lower",2017-11-07,133.3,-0.004,225500,14520,NA,6299,32340,4.018,1.49,19.75,8.497,0.104,2.83,2.739,-479.6,4.365,0.104,471.2,1.547,2.683,0.026,0.12,80.09,NA,-0.024,1.099
"Hav","Havasu Lake",NA,"Havasu",2017-11-07,33.72,0.003,82520,21330,NA,4436,50510,2.278,0.846,8.707,40.64,0.16,3.085,0.663,-542.6,1.93,2.334,975,4.365,2.675,-0.008,0.226,121.7,NA,0.392,3.769
"R10","Salt River below Saguaro (Blue Point Bridge)","salt","salt blw saguaro",2017-11-07,142,0,251600,17580,NA,7018,39010,3.382,1.297,49.24,12.08,0.127,2.618,0.575,-545.4,4.224,1.57,553.7,1.827,2.676,-0.013,0.064,72.39,NA,0.027,1.077
"R25","verde river at beeline highway","verde","verde @ beeline",2017-11-07,17.85,0.007,25110,20520,NA,2791,29050,3.666,1.486,57.53,98.5,0.226,3.048,0.33,-541.7,11.25,-0.056,500,2.08,2.67,-0.007,0.07,46.06,NA,0.664,1.049
"R2A","Lake Pleasant integrated sample","cap","pleasant-epi",2017-11-07,38.15,-0.005,89080,24100,NA,5104,48040,2.473,0.904,13.28,4.987,0.129,3.072,0.571,-535.5,3.586,1.723,982.5,4.453,2.682,-0.013,0.267,115.3,NA,-0.01,3.82
"R3","Waddell Canal","cap","waddell canal",2017-11-07,34.71,-0.002,84010,21710,NA,4528,50020,2.216,0.89,3.787,13.97,0.12,2.93,1.004,-539.3,2.063,1.867,986.6,4.454,2.673,-0.006,0.226,121.7,NA,0.104,3.787
"Roos1A","Roosevelt Lake, upper","srp","Roosevelt, eppi, upper",2017-11-07,112.2,-0.003,191400,12630,NA,5683,32330,5.173,1.366,10.27,23.02,0.141,3.006,0.863,-509.7,3.803,1.602,407.9,1.366,2.675,0.006,0.11,68.5,NA,0.058,0.959
"Roos1B","Roosevelt Lake, upper","srp","Roosevelt, hypo, upper",2017-11-07,112.1,-0.002,191400,12690,NA,5677,31910,5.081,1.224,11.29,23.52,0.18,3.676,1.118,-501.7,3.824,1.709,405.2,1.536,2.678,0.008,0.105,67.91,NA,0.06,0.939
"Roos2A","Roosevelt Lake, lower","srp","Roosevelt, eppi, lower",2017-11-07,99.39,-0.008,169700,12010,NA,5152,31170,4.679,1.204,16.95,14.73,0.137,2.848,0.553,-490.6,4.503,0.921,387.2,1.314,2.674,0.013,0.144,69.52,NA,0.008,0.924
"Roos2B","Roosevelt Lake, lower","srp","Roosevelt, hypo, lower",2017-11-07,104.5,-0.003,178600,12200,NA,5275,31530,3.879,1.365,98.08,103.9,0.224,2.954,0.841,-396.7,3.496,-0.203,400,0.994,2.674,0.072,0.174,80.47,NA,0.092,0.816
"APA1A","Apache Lake, upper","srp","Apache, eppi, upper",2018-02-05,126.5,0.016,211700,13990,NA,5964,35410,3.544,0.107,16.13,57.72,0.032,0.805,-2.519,-11.95,4.336,1.411,470.6,1.112,1.776,-0.002,0.096,91.54,NA,0.11,1.391
"APA1B","Apache Lake, upper","srp","Apache, hypo, upper",2018-02-05,NA,NA,NA,NA,NA,NA,NA,NA,NA,NA,NA,NA,NA,NA,NA,NA,NA,NA,NA,NA,NA,NA,NA,NA,NA,NA
"APA2A","Apache Lake, lower","srp","Apache, eppi, lower",2018-02-05,NA,NA,NA,NA,NA,NA,NA,NA,NA,NA,NA,NA,NA,NA,NA,NA,NA,NA,NA,NA,NA,NA,NA,NA,NA,NA
"APA2B","Apache Lake, lower","srp","Apache, hypo, lower",2018-02-05,NA,NA,NA,NA,NA,NA,NA,NA,NA,NA,NA,NA,NA,NA,NA,NA,NA,NA,NA,NA,NA,NA,NA,NA,NA,NA
"Can1A","Canyon Lake, upper","srp","Canyon, eppi, upper",2018-02-05,125.6,0.008,214400,14010,NA,5981,33380,3.309,0.407,9.751,70.85,-0.023,2.753,-1.914,-6.557,4.682,2.581,458.9,1.175,1.788,0.013,0.137,85.58,NA,0.061,1.443
"Can1B","Canyon Lake, upper","srp","Canyon, hypo, upper",2018-02-05,124.7,0.011,213900,13950,NA,6274,34090,3.367,0.243,13.93,129.4,-0.045,0.983,-0.756,-2.793,4.759,4.532,463.8,1.167,1.81,0.033,0.149,87.66,NA,0.123,1.429
"Can2A","Canyon Lake, lower","srp","Canyon, eppi, lower",2018-02-05,125.1,0.004,214100,13940,NA,6046,34600,3.47,0.165,16.35,60.78,-0.058,0.872,-1.326,-5.501,4.409,0.694,464.4,1.196,1.785,0.009,0.124,86.04,NA,0.077,1.427
"Can2B","Canyon Lake, lower","srp","Canyon, hypo, lower",2018-02-05,126,0.008,214300,13990,NA,6073,33980,3.556,0.084,15.41,67.44,-0.059,0.797,-1.291,-8.619,4.854,1.059,467.7,1.165,1.782,0.01,0.121,85.92,NA,0.059,1.417
"Hav","Havasu Lake",NA,"Havasu",2018-02-05,31.09,0.003,74210,19750,NA,4045,52830,1.798,0.273,2.428,14.52,-0.031,1.133,-2.228,-11.81,2.191,1.259,939.4,3.785,1.77,0.002,0.217,127.8,NA,0.131,4.399
"R10","Salt River below Saguaro (Blue Point Bridge)","salt","salt blw saguaro",2018-02-05,133,0.003,227700,16030,NA,6161,39110,2.962,0.72,42.57,37.92,-0.035,1.358,-1.505,-10.94,3.281,2.176,523.1,1.364,1.775,-0.001,0.088,58.24,NA,0.092,1.424
"R25","verde river at beeline highway","verde","verde @ beeline",2018-02-05,19.92,0.013,26420,22280,NA,2561,30310,3.138,0.141,29.78,142.5,0.035,1.248,-2.13,-10,9.335,2.817,543.9,2.073,1.773,0.003,0.1,40.33,NA,0.253,1.781
"R2A","Lake Pleasant integrated sample","cap","pleasant-epi",2018-02-05,34.87,0.001,80830,22200,NA,4591,50470,2.046,0.395,2.993,4.996,-0.045,1.117,-2.31,-11.29,2.909,2.126,964.3,4.015,1.769,0.001,0.267,125.6,NA,0.084,4.51
"R3","Waddell Canal","cap","waddell canal",2018-02-05,35.59,-0.001,80550,22070,NA,4569,53050,2.117,0.041,9.653,94.49,0.011,1.313,-1.936,-11.42,2.887,1.605,967.8,3.934,1.771,0.002,0.258,130.7,NA,0.214,4.528
"Roos1A","Roosevelt Lake, upper","srp","Roosevelt, eppi, upper",2018-02-05,107,0.004,182100,12250,NA,5278,34110,3.864,0.073,7.835,33.75,-0.043,0.915,-1.947,-9.138,4.438,2.92,416.3,0.918,1.779,0.009,0.106,81.51,NA,0.042,1.178
"Roos1B","Roosevelt Lake, upper","srp","Roosevelt, hypo, upper",2018-02-05,110.5,0.009,186600,12390,NA,5399,34800,4.005,0.109,8.614,53.72,-0.031,0.974,-2.052,-8.282,4.263,3.422,424.1,0.886,1.777,0.01,0.1,78.56,NA,0.054,1.192
"Roos2A","Roosevelt Lake, lower","srp","Roosevelt, eppi, lower",2018-02-05,105.4,0,177200,12060,NA,5144,34080,3.76,0.078,9.604,29.51,-0.052,0.839,-2.466,-10.07,4.36,0.915,411.6,0.858,1.782,0.002,0.102,81.17,NA,0.025,1.138
"Roos2B","Roosevelt Lake, lower","srp","Roosevelt, hypo, lower",2018-02-05,107.3,0.007,180700,12270,NA,5265,34810,4.004,0.642,18.34,51.83,-0.016,2.997,-2.34,-8.608,4.32,1.065,416.7,1.062,1.782,0.001,0.092,82.09,NA,0.049,1.173
"APA1A","Apache Lake, upper","srp","Apache, eppi, upper",2018-05-08,126.8,-0.007,195900,12250,NA,5833,33650,2.579,0.32,4.865,25.9,0.091,-9.592,1.695,-0.73,4.212,1.669,456.6,1.175,0.001,0.011,0.25,78.42,NA,-0.591,0.841
"APA1B","Apache Lake, upper","srp","Apache, hypo, upper",2018-05-08,121.7,-0.001,189300,11940,NA,6145,35600,2.71,0.451,11.11,84.61,0.152,-9.178,4.809,4.645,4.217,2.242,451.3,1.126,0.017,0.043,0.283,83.59,NA,-0.373,0.796
"APA2A","Apache Lake, lower","srp","Apache, eppi, lower",2018-05-08,126.7,-0.005,196700,12340,NA,5789,33490,2.604,0.354,3.068,35.69,0.077,-9.656,0.76,-4.776,4.31,2.339,462.8,1.199,0,0.004,0.209,78.53,NA,-0.66,0.861
"APA2B","Apache Lake, lower","srp","Apache, hypo, lower",2018-05-08,127.7,-0.008,199100,12500,NA,6112,35350,2.58,0.4,5.217,29.24,0.092,-9.52,1.793,3.667,4.522,1.666,475,1.187,0.006,0.034,0.267,84.8,NA,-0.574,0.869
"Can1A","Canyon Lake, upper","srp","Canyon, eppi, upper",2018-05-08,140.2,-0.006,214800,13450,NA,6019,35370,2.51,0.234,13.7,75.82,0.099,-9.44,1.107,4.055,4.421,1.833,480.3,1.276,0.062,0.029,0.518,81.35,NA,-0.484,0.976
"Can1B","Canyon Lake, upper","srp","Canyon, hypo, upper",2018-05-08,138.1,0,211500,13270,NA,12140,35470,2.597,0.382,19.72,38.33,0.116,-9.187,3.532,7.872,4.362,2.25,478.4,1.255,0.142,0.073,0.388,83.42,NA,-0.195,0.933
"Can2A","Canyon Lake, lower","srp","Canyon, eppi, lower",2018-05-08,137.5,-0.002,211000,13210,NA,5993,35280,3.164,3.135,16.36,42.83,0.089,-9.436,3.609,-1.14,4.239,2.095,474.9,1.246,0.016,0.018,0.29,79.84,NA,-0.553,0.943
"Can2B","Canyon Lake, lower","srp","Canyon, hypo, lower",2018-05-08,133.2,-0.006,205600,12890,NA,6022,35500,2.537,0.417,27.16,82.29,0.115,-9.365,3.363,1.265,4.053,2.167,475.7,1.246,0.027,0.106,0.288,81.64,NA,-0.469,0.934
"Hav","Havasu Lake",NA,"Havasu",2018-05-08,30.56,-0.008,66090,16930,NA,3685,51960,1.89,0.788,2.129,0.236,0.087,-9.091,0.971,-6.044,2.151,3.479,897.4,3.659,-0.003,0.003,0.248,115.8,NA,-0.765,3.824
"R10","Salt River below Saguaro (Blue Point Bridge)","salt","salt blw saguaro",2018-05-08,125.9,-0.013,197300,12530,NA,5932,36280,2.601,0.471,52.11,42.88,0.102,-9.397,2.124,-3.817,4.654,0.584,492.1,1.307,-0.002,0.005,0.161,77.46,NA,-0.543,0.941
"R25","verde river at beeline highway","verde","verde @ beeline",2018-05-08,20.29,-0.001,26250,19920,NA,2347,31850,3.625,0.556,62.69,192.3,0.233,-8.984,1.135,-4.665,7.708,1.505,522.3,2.25,0.001,0.009,0.147,39.1,NA,-0.122,1.567
"R2A","Lake Pleasant integrated sample","cap","pleasant-epi",2018-05-08,33.17,-0.011,72860,19130,NA,4357,51280,2.056,0.778,2.98,-1.634,0.078,-9.178,0.902,-5.393,2.691,2.319,963.4,4.105,-0.004,0.003,0.301,121.8,NA,-0.793,4.306
"R3","Waddell Canal","cap","waddell canal",2018-05-08,31.93,-0.017,68270,17240,NA,3922,53920,2.012,0.486,6.523,72.84,0.178,-8.793,1.952,-3.515,2.117,3.011,923.2,3.655,-0.002,0.009,0.266,123.5,NA,-0.36,4.014
"Roos1A","Roosevelt Lake, upper","srp","Roosevelt, eppi, upper",2018-05-08,127.7,0.008,201300,12280,NA,5961,38300,3.817,0.581,11.72,183.8,0.238,-9.103,1.705,0.203,4.512,1.295,477.9,0.955,0.011,0.022,0.203,85.42,NA,-0.234,0.866
"Roos1B","Roosevelt Lake, upper","srp","Roosevelt, hypo, upper",2018-05-08,120.9,0.04,189500,12060,NA,5744,40520,4.242,1.155,33.39,614.3,0.566,-8.31,3.483,14.21,3.719,1,474.4,0.866,0.023,0.046,0.201,93.21,NA,0.813,0.852
"Roos2A","Roosevelt Lake, lower","srp","Roosevelt, eppi, lower",2018-05-08,112.2,-0.013,179400,11400,NA,5428,37130,3.176,0.408,2.315,44.76,0.101,-9.408,0.94,5.237,4.009,1.208,446.6,0.939,0.002,0.007,0.185,81.5,NA,-0.628,0.78
"Roos2B","Roosevelt Lake, lower","srp","Roosevelt, hypo, lower",2018-05-08,109.2,-0.011,174900,11100,NA,5556,36770,2.937,0.437,5.125,39.56,0.111,-9.294,1.63,0.536,3.432,1.552,440.2,0.913,0.004,0.021,0.191,83.56,NA,-0.501,0.728
"APA1A","Apache Lake, upper","srp","Apache, eppi, upper",2018-08-21,131.1,0.006,195500,12880,NA,5534,30000,3.409,2.277,19.53,8.631,0.066,0.745,2.62,2.214,5.046,1.399,432.2,1.06,-0.002,0.008,0.108,67.84,NA,0.005,0.947
"APA1B","Apache Lake, upper","srp","Apache, hypo, upper",2018-08-21,130.6,0.01,194400,12900,NA,5571,32870,3.444,2.654,33.14,9.03,0.069,0.849,1.679,4.46,4.353,1.95,444.4,1.027,-0.001,0.015,0.179,74.6,NA,0.033,0.951
"APA2A","Apache Lake, lower","srp","Apache, eppi, lower",2018-08-21,133.7,0.009,196600,13010,NA,5594,30330,3.633,2.377,15.24,5.91,0.061,0.782,0.946,3.039,5.147,3.225,435.8,1.071,-0.001,0.012,0.104,68.72,NA,0.005,0.954
"APA2B","Apache Lake, lower","srp","Apache, hypo, lower",2018-08-21,134.3,0.007,194000,12960,NA,5536,33050,3.581,2.561,42.72,15.37,0.06,0.839,0.966,3.156,4.769,2.229,442.3,0.995,-0.001,0.009,0.097,70.27,NA,-0.008,0.923
"Can1A","Canyon Lake, upper","srp","Canyon, eppi, upper",2018-08-21,NA,NA,NA,NA,NA,NA,NA,NA,NA,NA,NA,NA,NA,NA,NA,NA,NA,NA,NA,NA,NA,NA,NA,NA,NA,NA
"Can1B","Canyon Lake, upper","srp","Canyon, hypo, upper",2018-08-21,NA,NA,NA,NA,NA,NA,NA,NA,NA,NA,NA,NA,NA,NA,NA,NA,NA,NA,NA,NA,NA,NA,NA,NA,NA,NA
"Can2A","Canyon Lake, lower","srp","Canyon, eppi, lower",2018-08-21,NA,NA,NA,NA,NA,NA,NA,NA,NA,NA,NA,NA,NA,NA,NA,NA,NA,NA,NA,NA,NA,NA,NA,NA,NA,NA
"Can2B","Canyon Lake, lower","srp","Canyon, hypo, lower",2018-08-21,NA,NA,NA,NA,NA,NA,NA,NA,NA,NA,NA,NA,NA,NA,NA,NA,NA,NA,NA,NA,NA,NA,NA,NA,NA,NA
"Hav","Havasu Lake",NA,"Havasu",2018-08-21,NA,NA,NA,NA,NA,NA,NA,NA,NA,NA,NA,NA,NA,NA,NA,NA,NA,NA,NA,NA,NA,NA,NA,NA,NA,NA
"R10","Salt River below Saguaro (Blue Point Bridge)","salt","salt blw saguaro",2018-08-21,134.3,0.01,196200,13120,NA,5670,32520,3.355,2.36,117.1,7.507,0.055,0.759,0.775,1.297,4.693,3.338,449.9,0.961,-0.002,0,0.065,68.07,NA,0,0.853
"R25","verde river at beeline highway","verde","verde @ beeline",2018-08-21,25.1,0.017,29370,23850,NA,2643,30070,3.314,2.21,39.12,49.27,0.204,1.095,0.825,0.988,14.18,1.804,570.8,2.098,-0.003,0.004,0.078,38.85,NA,0.334,1.389
"R2A","Lake Pleasant integrated sample","cap","pleasant-epi",2018-08-21,NA,NA,NA,NA,NA,NA,NA,NA,NA,NA,NA,NA,NA,NA,NA,NA,NA,NA,NA,NA,NA,NA,NA,NA,NA,NA
"R3","Waddell Canal","cap","waddell canal",2018-08-21,40.13,0.004,78000,21860,NA,4437,48890,2.317,1.936,42.04,5.344,0.098,1.392,1.147,0.849,3.286,3.048,941,3.84,-0.003,0.004,0.226,117.6,NA,0.006,3.343
"Roos1A","Roosevelt Lake, upper","srp","Roosevelt, eppi, upper",2018-08-21,172.1,0.02,249400,15010,NA,7002,33270,5.851,2.467,17.37,64.72,0.117,1.006,1.472,4.525,5.898,3.202,511.2,1.186,0.001,0.022,0.196,93.96,NA,0.167,1.17
"Roos1B","Roosevelt Lake, upper","srp","Roosevelt, hypo, upper",2018-08-21,173,0.012,248200,14950,NA,7111,33470,5.802,2.362,16.36,62.62,0.125,1.106,2.183,8.323,5.347,3.906,509.5,1.19,0.008,0.043,0.247,93.48,NA,0.192,1.169
"Roos2A","Roosevelt Lake, lower","srp","Roosevelt, eppi, lower",2018-08-21,155.6,0.013,225200,14250,NA,6284,31420,5.074,2.311,6.041,7.847,0.065,0.758,0.74,2.044,5.195,2.444,478.2,1.074,-0.003,0.009,0.112,74.35,NA,0.009,1.1
"Roos2B","Roosevelt Lake, lower","srp","Roosevelt, hypo, lower",2018-08-21,134.2,0.003,194600,12920,NA,5489,36480,3.698,2.726,136.3,142.6,0.139,0.969,0.807,3.282,4.881,2.234,460,0.866,0,0.03,0.085,84.96,NA,0.08,0.891
