ID,site number,site location,cluster name,site acronym,date,longitude,laditude,altitude (ft)
1.0000000000000000e+00,"R1","CAP canal above Waddell Canal","cap","cap-siphon","08/18/99 00:00:00","W112o17.174","N33o46.893",1.5530000000000000e+03
2.0000000000000000e+00,"R2A","Lake Pleasant integrated sample","cap","pleasant-epi","08/18/99 00:00:00","W112o16.213","N33o51.105",2.0000000000000000e+03
3.0000000000000000e+00,"R2B","Lake Pleasant integrated sample","cap","pleasant-hypo","08/18/99 00:00:00","W112o16.213","N33o51.105",2.0000000000000000e+03
4.0000000000000000e+00,"R3","Waddell Canal","cap","waddell canal","08/18/99 00:00:00","W112o15.422","N33o47.897",1.7150000000000000e+03
5.0000000000000000e+00,"R4","Cap Canal at 7th St.","cap","cap @ 7th st","08/18/99 00:00:00","W112o03.935","N33o42.079",
6.0000000000000000e+00,"R5","Verde River btwn Horseshoe and Bartlett","verde","verde abv bartlett","08/16/99 00:00:00","W111o42.280","N33o57.620",1.7570000000000000e+03
7.0000000000000000e+00,"R6A","Bartlett Reservoir near outlet","verde","bartlett-epi","08/16/99 00:00:00","W111o05.625","N34o00.000",1.7500000000000000e+03
8.0000000000000000e+00,"R6B","Bartlett Reservoir near outlet","verde","bartlett-hypo","08/16/99 00:00:00","W111o05.625","N34o00.000",1.7500000000000000e+03
9.0000000000000000e+00,"R7","Verde River below Bartlett Reservoir","verde","verde blw barlett","08/16/99 00:00:00","W111o38.595","N33o50.304",1.5540000000000000e+03
1.0000000000000000e+01,"R8","Salt River inlet to Saguaro Lake","salt","salt abv saguaro","08/17/99 00:00:00","W111o27.450","N33o33.349",1.4930000000000000e+03
1.1000000000000000e+01,"R9A","Saguaro Lake near inlet","salt","saguaro-epi","08/17/99 00:00:00","W111o32.229","N33.34.053",1.4930000000000000e+03
1.2000000000000000e+01,"R9B","Saguaro Lake near inlet","salt","saguaro-hypo","08/17/99 00:00:00","W111o32.229","N33.34.053",1.4930000000000000e+03
1.3000000000000000e+01,"R10","Salt River below Saguaro (Blue Point Bridge)","salt","salt blw saguaro","08/17/99 00:00:00","W111o34.436","N33o33.335",1.4930000000000000e+03
1.4000000000000000e+01,"R11","CAP Canal at Cross-connect","cap","cap @ x con","08/17/99 00:00:00","W111o41.603","N33o30.858",1.5030000000000000e+03
1.5000000000000000e+01,"R12","AZ Canal above CAP Cross-connect","srp","az canal inflow","08/17/99 00:00:00","W111o41.589","N33o31.022",1.7610000000000000e+03
1.6000000000000000e+01,"R13","AZ Canal below CAP Cross-connect","srp","az canal blw cap","08/17/99 00:00:00","W111o42.028","N33o30.941",1.7610000000000000e+03
1.7000000000000000e+01,"R14","AZ Canal - Inlet to Squaw Peak WTP","srp","az canal @ squaw peak","08/18/99 00:00:00",,,
1.8000000000000000e+01,"R15","Squaw Peak WTP treated water","srp","squaw peak-treated","08/18/99 00:00:00",,,
1.9000000000000000e+01,"R16","AZ Canal - Inlet to Deer Valley WTP","srp","az canal @ deer valley","08/17/99 00:00:00",,,
2.0000000000000000e+01,"R17","Deer Valley WTP treated water","srp","deer valley-treated","08/17/99 00:00:00",,,
2.1000000000000000e+01,"R18","South Canal at Val Vista WTP","srp","s canal @ val vista","08/18/99 00:00:00",,,
2.2000000000000000e+01,"R19","Val Vista WTP treated water","srp","val vista-treated","08/18/99 00:00:00",,,
2.3000000000000000e+01,"R20","Verde River at Tangle","verde","verde abv horseshoe","08/25/99 00:00:00",,,
2.4000000000000000e+01,"R21","AZ Canal - Central Avenue","az canal","az canal - cent","07/01/02 00:00:00",,,
2.5000000000000000e+01,"R22","AZ Canal at 56th","az canal","az canal - 56th st","07/01/02 00:00:00",,,
2.6000000000000000e+01,"R25","Verde River at Beeline","az canal","az canal - verde river @ beeline","10/28/00 00:00:00",,,
2.7000000000000000e+01,"Pima","AZ Canal at Pima Rd","az canal","az canal - pima","07/01/02 00:00:00",,,
2.8000000000000000e+01,"HOC","Head of the Consolidated canal","az canal","az canal- head of the consolidated canal","10/31/11 00:00:00",,,
2.9000000000000000e+01,"MOC","Middle of the Consolidated canal","az canal","az canal - middle of the consolidated canal","10/31/11 00:00:00",,,
3.0000000000000000e+01,"SOCA","South Canal below CAP Cross-connect","srp","south tempe canals - below CAP Cross-connect","01/14/03 00:00:00",,,
3.1000000000000000e+01,"HTC","Head of the Tempe Canal","tempe","south tempe canals - head of the tempe canal","01/14/03 00:00:00",,,
3.2000000000000000e+01,"Hav","Lake Havasu","reservoir","lake havasu","01/14/03 00:00:00",,,
